1	0.00000	-0.993	15.602	380.905
2	0.01000	-0.996	15.608	380.902
3	0.02000	-1.010	15.619	380.894
4	0.03000	-1.527	16.376	382.148
5	0.04000	-1.531	16.382	382.126
6	0.05000	-1.538	16.380	382.104
7	0.06000	-1.545	16.393	382.085
8	0.07000	-1.548	16.399	382.070
9	0.08000	-1.538	16.380	382.060
10	0.09000	-1.528	16.376	382.065
11	0.10000	-1.514	16.365	382.073
12	0.11000	-1.488	16.350	382.086
13	0.12000	-1.467	16.326	382.102
14	0.13000	-1.428	16.300	382.134
15	0.14000	-1.393	16.266	382.158
16	0.15000	-1.364	16.244	382.182
17	0.16000	-1.323	16.197	382.199
18	0.17000	-1.312	16.192	382.211
19	0.18000	-1.294	16.175	382.216
20	0.19000	-1.287	16.162	382.206
21	0.20000	-1.284	16.156	382.184
22	0.21000	-1.287	16.163	382.166
23	0.22000	-1.278	16.143	382.152
24	0.23000	-1.263	16.133	382.135
25	0.24000	-1.255	16.135	382.114
26	0.25000	-1.241	16.124	382.108
27	0.26000	-1.241	16.124	382.101
28	0.27000	-1.227	16.113	382.109
29	0.28000	-1.230	16.120	382.116
30	0.29000	-1.230	16.119	382.127
31	0.30000	-1.249	16.122	382.147
32	0.31000	-1.270	16.131	382.160
33	0.32000	-1.296	16.146	382.183
34	0.33000	-1.325	16.167	382.192
35	0.34000	-1.365	16.193	382.196
36	0.35000	-1.406	16.240	382.193
37	0.36000	-1.427	16.264	382.184
38	0.37000	-1.458	16.292	382.171
39	0.38000	-1.472	16.317	382.156
40	0.39000	-1.482	16.322	382.137
41	0.40000	-1.496	16.348	382.114
42	0.41000	-1.488	16.350	382.097
43	0.42000	-1.499	16.354	382.089
44	0.43000	-1.502	16.361	382.074
45	0.44000	-1.501	16.361	382.074
46	0.45000	-1.513	16.365	382.077
47	0.46000	-1.524	16.369	382.079
48	0.47000	-1.549	16.385	382.088
49	0.48000	-1.549	16.385	382.110
50	0.49000	-1.544	16.393	382.125
51	0.50000	-1.542	16.372	382.150
52	0.51000	-1.524	16.369	382.159
53	0.52000	-1.510	16.359	382.171
54	0.53000	-1.471	16.332	382.185
55	0.54000	-1.449	16.309	382.183
56	0.55000	-1.416	16.296	382.174
57	0.56000	-1.381	16.261	382.170
58	0.57000	-1.353	16.240	382.154
59	0.58000	-1.329	16.210	382.134
60	0.59000	-1.322	16.197	382.120
61	0.60000	-1.305	16.180	382.103
62	0.61000	-1.295	16.161	382.097
63	0.62000	-1.277	16.144	382.095
64	0.63000	-1.271	16.131	382.106
65	0.64000	-1.256	16.120	382.114
66	0.65000	-1.253	16.113	382.136
67	0.66000	-1.242	16.109	382.159
68	0.67000	-1.228	16.098	382.185
69	0.68000	-1.231	16.105	382.199
70	0.69000	-1.241	16.124	382.213
71	0.70000	-1.241	16.124	382.220
72	0.71000	-1.262	16.147	382.211
73	0.72000	-1.284	16.156	382.206
74	0.73000	-1.309	16.171	382.193
75	0.74000	-1.331	16.180	382.170
76	0.75000	-1.367	16.200	382.138
77	0.76000	-1.392	16.215	382.118
78	0.77000	-1.410	16.232	382.099
79	0.78000	-1.417	16.245	382.084
80	0.79000	-1.435	16.262	382.086
81	0.80000	-1.450	16.294	382.081
82	0.81000	-1.460	16.314	382.088
83	0.82000	-1.481	16.337	382.093
84	0.83000	-1.502	16.361	382.106
85	0.84000	-1.517	16.371	382.127
86	0.85000	-1.537	16.395	382.143
87	0.86000	-1.552	16.405	382.153
88	0.87000	-1.559	16.403	382.167
89	0.88000	-1.575	16.399	382.170
90	0.89000	-1.572	16.393	382.163
91	0.90000	-1.568	16.387	382.159
92	0.91000	-1.539	16.365	382.147
93	0.92000	-1.522	16.348	382.134
94	0.93000	-1.494	16.326	382.125
95	0.94000	-1.468	16.311	382.105
96	0.95000	-1.435	16.298	382.090
97	0.96000	-1.416	16.296	382.080
98	0.97000	-1.402	16.285	382.081
99	0.98000	-1.381	16.262	382.083
100	0.99000	-1.367	16.251	382.091
101	1.00000	-1.357	16.231	382.114
102	1.01000	-1.354	16.225	382.132
103	1.02000	-1.334	16.201	382.155
104	1.03000	-1.317	16.169	382.178
105	1.04000	-1.293	16.139	382.198
106	1.05000	-1.261	16.111	382.219
107	1.06000	-1.247	16.100	382.223
108	1.07000	-1.236	16.096	382.221
109	1.08000	-1.217	16.094	382.211
110	1.09000	-1.217	16.094	382.197
111	1.10000	-1.226	16.113	382.178
112	1.11000	-1.232	16.126	382.152
113	1.12000	-1.251	16.143	382.122
114	1.13000	-1.272	16.152	382.106
115	1.14000	-1.302	16.173	382.089
116	1.15000	-1.331	16.180	382.087
117	1.16000	-1.356	16.196	382.089
118	1.17000	-1.370	16.206	382.095
119	1.18000	-1.399	16.228	382.122
120	1.19000	-1.406	16.240	382.132
121	1.20000	-1.413	16.239	382.160
122	1.21000	-1.430	16.270	382.173
123	1.22000	-1.450	16.294	382.193
124	1.23000	-1.463	16.320	382.192
125	1.24000	-1.484	16.343	382.191
126	1.25000	-1.506	16.367	382.175
127	1.26000	-1.523	16.384	382.155
128	1.27000	-1.545	16.393	382.143
129	1.28000	-1.559	16.404	382.116
130	1.29000	-1.566	16.402	382.091
131	1.30000	-1.574	16.400	382.072
132	1.31000	-1.560	16.389	382.066
133	1.32000	-1.546	16.378	382.063
134	1.33000	-1.520	16.363	382.065
135	1.34000	-1.511	16.344	382.077
136	1.35000	-1.489	16.335	382.097
137	1.36000	-1.456	16.322	382.117
138	1.37000	-1.442	16.311	382.140
139	1.38000	-1.417	16.295	382.160
140	1.39000	-1.403	16.284	382.182
141	1.40000	-1.378	16.255	382.199
142	1.41000	-1.366	16.229	382.200
143	1.42000	-1.348	16.211	382.205
144	1.43000	-1.339	16.178	382.198
145	1.44000	-1.310	16.156	382.186
146	1.45000	-1.293	16.139	382.169
147	1.46000	-1.267	16.124	382.146
148	1.47000	-1.259	16.126	382.128
149	1.48000	-1.245	16.116	382.111
150	1.49000	-1.238	16.118	382.105
151	1.50000	-1.229	16.120	382.098
152	1.51000	-1.229	16.134	382.105
153	1.52000	-1.248	16.137	382.118
154	1.53000	-1.262	16.147	382.124
155	1.54000	-1.273	16.152	382.138
156	1.55000	-1.288	16.148	382.166
157	1.56000	-1.307	16.150	382.190
158	1.57000	-1.324	16.167	382.199
159	1.58000	-1.332	16.165	382.206
160	1.59000	-1.364	16.193	382.207
161	1.60000	-1.381	16.225	382.199
162	1.61000	-1.401	16.249	382.183
163	1.62000	-1.421	16.287	382.159
164	1.63000	-1.445	16.317	382.132
165	1.64000	-1.463	16.334	382.106
166	1.65000	-1.487	16.364	382.082
167	1.66000	-1.508	16.388	382.062
168	1.67000	-1.526	16.390	382.054
169	1.68000	-1.542	16.386	382.056
170	1.69000	-1.546	16.378	382.067
171	1.70000	-1.550	16.370	382.081
172	1.71000	-1.547	16.364	382.107
173	1.72000	-1.543	16.357	382.129
174	1.73000	-1.529	16.346	382.151
175	1.74000	-1.521	16.348	382.170
176	1.75000	-1.507	16.352	382.182
177	1.76000	-1.499	16.354	382.182
178	1.77000	-1.484	16.358	382.176
179	1.78000	-1.469	16.347	382.166
180	1.79000	-1.447	16.338	382.154
181	1.80000	-1.427	16.315	382.137
182	1.81000	-1.407	16.276	382.117
183	1.82000	-1.383	16.246	382.112
184	1.83000	-1.355	16.210	382.096
185	1.84000	-1.332	16.165	382.098
186	1.85000	-1.311	16.142	382.103
187	1.86000	-1.282	16.121	382.109
188	1.87000	-1.268	16.110	382.121
189	1.88000	-1.250	16.107	382.136
190	1.89000	-1.242	16.109	382.162
191	1.90000	-1.237	16.117	382.181
192	1.91000	-1.244	16.130	382.194
193	1.92000	-1.247	16.151	382.201
194	1.93000	-1.247	16.151	382.216
195	1.94000	-1.255	16.149	382.212
196	1.95000	-1.269	16.160	382.200
197	1.96000	-1.287	16.162	382.191
198	1.97000	-1.296	16.146	382.180
199	1.98000	-1.310	16.157	382.154
200	1.99000	-1.332	16.166	382.137
201	2.00000	-1.335	16.172	382.123
202	2.01000	-1.360	16.187	382.103
203	2.02000	-1.391	16.230	382.090
204	2.03000	-1.405	16.255	382.088
205	2.04000	-1.435	16.298	382.090
206	2.05000	-1.459	16.328	382.091
207	2.06000	-1.480	16.352	382.111
208	2.07000	-1.498	16.369	382.125
209	2.08000	-1.512	16.379	382.142
210	2.09000	-1.531	16.382	382.155
211	2.10000	-1.534	16.388	382.165
212	2.11000	-1.546	16.378	382.172
213	2.12000	-1.546	16.378	382.172
214	2.13000	-1.539	16.365	382.172
215	2.14000	-1.536	16.359	382.154
216	2.15000	-1.533	16.353	382.137
217	2.16000	-1.528	16.361	382.112
218	2.17000	-1.514	16.350	382.102
219	2.18000	-1.499	16.354	382.089
220	2.19000	-1.485	16.343	382.075
221	2.20000	-1.459	16.328	382.073
222	2.21000	-1.439	16.304	382.086
223	2.22000	-1.407	16.276	382.095
224	2.23000	-1.390	16.245	382.115
225	2.24000	-1.373	16.227	382.138
226	2.25000	-1.352	16.204	382.161
227	2.26000	-1.325	16.167	382.181
228	2.27000	-1.310	16.156	382.197
229	2.28000	-1.297	16.145	382.212
230	2.29000	-1.278	16.143	382.217
231	2.30000	-1.266	16.139	382.211
232	2.31000	-1.256	16.134	382.201
233	2.32000	-1.247	16.137	382.180
234	2.33000	-1.243	16.145	382.169
235	2.34000	-1.236	16.132	382.144
236	2.35000	-1.237	16.132	382.126
237	2.36000	-1.244	16.130	382.115
238	2.37000	-1.256	16.120	382.107
239	2.38000	-1.274	16.137	382.109
240	2.39000	-1.295	16.146	382.108
241	2.40000	-1.321	16.161	382.117
242	2.41000	-1.348	16.198	382.129
243	2.42000	-1.376	16.234	382.141
244	2.43000	-1.394	16.251	382.154
245	2.44000	-1.410	16.283	382.167
246	2.45000	-1.428	16.300	382.177
247	2.46000	-1.441	16.325	382.187
248	2.47000	-1.456	16.336	382.182
249	2.48000	-1.466	16.341	382.178
250	2.49000	-1.480	16.352	382.158
251	2.50000	-1.492	16.341	382.147
252	2.51000	-1.506	16.352	382.124
253	2.52000	-1.522	16.348	382.101
254	2.53000	-1.539	16.366	382.082
255	2.54000	-1.553	16.376	382.074
256	2.55000	-1.557	16.382	382.063
257	2.56000	-1.555	16.398	382.063
258	2.57000	-1.548	16.399	382.074
259	2.58000	-1.530	16.397	382.086
260	2.59000	-1.508	16.388	382.109
261	2.60000	-1.490	16.371	382.125
262	2.61000	-1.455	16.336	382.153
263	2.62000	-1.435	16.313	382.180
264	2.63000	-1.400	16.264	382.193
265	2.64000	-1.379	16.240	382.206
266	2.65000	-1.366	16.214	382.203
267	2.66000	-1.353	16.189	382.194
268	2.67000	-1.347	16.176	382.180
269	2.68000	-1.329	16.159	382.167
270	2.69000	-1.321	16.161	382.142
271	2.70000	-1.303	16.158	382.129
272	2.71000	-1.287	16.163	382.112
273	2.72000	-1.276	16.158	382.102
274	2.73000	-1.254	16.149	382.100
275	2.74000	-1.247	16.151	382.111
276	2.75000	-1.235	16.147	382.116
277	2.76000	-1.225	16.128	382.142
278	2.77000	-1.226	16.113	382.156
279	2.78000	-1.231	16.105	382.177
280	2.79000	-1.255	16.098	382.198
281	2.80000	-1.279	16.128	382.210
282	2.81000	-1.304	16.144	382.212
283	2.82000	-1.336	16.172	382.206
284	2.83000	-1.356	16.195	382.197
285	2.84000	-1.384	16.232	382.173
286	2.85000	-1.393	16.266	382.158
287	2.86000	-1.417	16.296	382.134
288	2.87000	-1.430	16.321	382.115
289	2.88000	-1.438	16.319	382.093
290	2.89000	-1.444	16.332	382.085
291	2.90000	-1.470	16.347	382.073
292	2.91000	-1.480	16.352	382.075
293	2.92000	-1.498	16.354	382.078
294	2.93000	-1.528	16.361	382.086
295	2.94000	-1.538	16.380	382.107
296	2.95000	-1.554	16.376	382.124
297	2.96000	-1.554	16.376	382.142
298	2.97000	-1.550	16.384	382.157
299	2.98000	-1.542	16.386	382.165
300	2.99000	-1.524	16.383	382.177
301	3.00000	-1.509	16.373	382.171
302	3.01000	-1.491	16.356	382.168
303	3.02000	-1.466	16.341	382.160
304	3.03000	-1.450	16.309	382.146
305	3.04000	-1.436	16.298	382.129
306	3.05000	-1.415	16.260	382.113
307	3.06000	-1.409	16.247	382.099
308	3.07000	-1.391	16.230	382.090
309	3.08000	-1.385	16.217	382.090
310	3.09000	-1.350	16.183	382.096
311	3.10000	-1.331	16.180	382.101
312	3.11000	-1.314	16.163	382.121
313	3.12000	-1.291	16.154	382.144
314	3.13000	-1.270	16.145	382.164
315	3.14000	-1.244	16.130	382.184
316	3.15000	-1.241	16.124	382.206
317	3.16000	-1.238	16.117	382.213
318	3.17000	-1.235	16.111	382.213
319	3.18000	-1.242	16.109	382.209
320	3.19000	-1.256	16.120	382.197
321	3.20000	-1.281	16.135	382.181
322	3.21000	-1.299	16.153	382.154
323	3.22000	-1.317	16.169	382.135
324	3.23000	-1.323	16.182	382.116
325	3.24000	-1.348	16.212	382.096
326	3.25000	-1.351	16.219	382.093
327	3.26000	-1.360	16.238	382.092
328	3.27000	-1.374	16.263	382.098
329	3.28000	-1.377	16.270	382.108
330	3.29000	-1.402	16.285	382.121
331	3.30000	-1.416	16.296	382.138
332	3.31000	-1.448	16.324	382.146
333	3.32000	-1.482	16.337	382.166
334	3.33000	-1.506	16.367	382.167
335	3.34000	-1.528	16.375	382.169
336	3.35000	-1.545	16.393	382.168
337	3.36000	-1.560	16.403	382.160
338	3.37000	-1.552	16.405	382.146
339	3.38000	-1.551	16.406	382.128
340	3.39000	-1.533	16.403	382.111
341	3.40000	-1.515	16.386	382.102
342	3.41000	-1.490	16.371	382.089
343	3.42000	-1.480	16.352	382.083
344	3.43000	-1.462	16.335	382.084
345	3.44000	-1.449	16.309	382.085
346	3.45000	-1.443	16.296	382.096
347	3.46000	-1.444	16.282	382.111
348	3.47000	-1.426	16.264	382.127
349	3.48000	-1.420	16.251	382.142
350	3.49000	-1.405	16.241	382.157
351	3.50000	-1.385	16.217	382.177
352	3.51000	-1.360	16.202	382.182
353	3.52000	-1.327	16.188	382.199
354	3.53000	-1.309	16.171	382.197
355	3.54000	-1.277	16.143	382.196
356	3.55000	-1.249	16.122	382.183
357	3.56000	-1.238	16.117	382.173
358	3.57000	-1.231	16.105	382.156
359	3.58000	-1.234	16.111	382.137
360	3.59000	-1.231	16.105	382.127
361	3.60000	-1.253	16.114	382.111
362	3.61000	-1.271	16.130	382.106
363	3.62000	-1.285	16.141	382.108
364	3.63000	-1.302	16.159	382.111
365	3.64000	-1.316	16.184	382.124
366	3.65000	-1.330	16.195	382.145
367	3.66000	-1.343	16.220	382.162
368	3.67000	-1.353	16.240	382.168
369	3.68000	-1.352	16.254	382.182
370	3.69000	-1.371	16.257	382.196
371	3.70000	-1.388	16.274	382.198
372	3.71000	-1.409	16.298	382.178
373	3.72000	-1.434	16.313	382.162
374	3.73000	-1.463	16.334	382.149
375	3.74000	-1.491	16.356	382.122
376	3.75000	-1.513	16.365	382.098
377	3.76000	-1.534	16.388	382.082
378	3.77000	-1.542	16.386	382.071
379	3.78000	-1.545	16.393	382.063
380	3.79000	-1.545	16.393	382.067
381	3.80000	-1.526	16.390	382.083
382	3.81000	-1.526	16.390	382.090
383	3.82000	-1.520	16.378	382.116
384	3.83000	-1.505	16.367	382.131
385	3.84000	-1.491	16.356	382.147
386	3.85000	-1.484	16.343	382.165
387	3.86000	-1.468	16.326	382.174
388	3.87000	-1.461	16.313	382.178
389	3.88000	-1.447	16.288	382.179
390	3.89000	-1.427	16.264	382.174
391	3.90000	-1.409	16.247	382.164
392	3.91000	-1.380	16.225	382.145
393	3.92000	-1.356	16.196	382.136
394	3.93000	-1.317	16.169	382.124
395	3.94000	-1.302	16.159	382.118
396	3.95000	-1.285	16.141	382.112
397	3.96000	-1.270	16.131	382.106
398	3.97000	-1.262	16.133	382.114
399	3.98000	-1.252	16.128	382.125
400	3.99000	-1.259	16.126	382.139
401	4.00000	-1.264	16.118	382.153
402	4.01000	-1.267	16.124	382.171
403	4.02000	-1.282	16.135	382.188
404	4.03000	-1.278	16.128	382.199
405	4.04000	-1.285	16.141	382.202
406	4.05000	-1.292	16.154	382.202
407	4.06000	-1.292	16.154	382.202
408	4.07000	-1.306	16.165	382.186
409	4.08000	-1.316	16.184	382.175
410	4.09000	-1.340	16.214	382.151
411	4.10000	-1.361	16.238	382.135
412	4.11000	-1.392	16.266	382.111
413	4.12000	-1.424	16.294	382.091
414	4.13000	-1.456	16.322	382.074
415	4.14000	-1.488	16.350	382.075
416	4.15000	-1.510	16.358	382.080
417	4.16000	-1.513	16.365	382.087
418	4.17000	-1.528	16.375	382.108
419	4.18000	-1.528	16.375	382.130
420	4.19000	-1.531	16.382	382.144
421	4.20000	-1.521	16.363	382.163
422	4.21000	-1.513	16.365	382.174
423	4.22000	-1.509	16.373	382.185
424	4.23000	-1.502	16.360	382.182
425	4.24000	-1.506	16.367	382.175
426	4.25000	-1.505	16.367	382.157
427	4.26000	-1.502	16.361	382.135
428	4.27000	-1.503	16.346	382.117
429	4.28000	-1.492	16.341	382.096
430	4.29000	-1.475	16.324	382.080
431	4.30000	-1.448	16.287	382.078
432	4.31000	-1.427	16.264	382.083
433	4.32000	-1.400	16.227	382.089
434	4.33000	-1.359	16.202	382.110
435	4.34000	-1.332	16.165	382.134
436	4.35000	-1.303	16.144	382.161
437	4.36000	-1.289	16.133	382.180
438	4.37000	-1.275	16.122	382.200
439	4.38000	-1.270	16.131	382.214
440	4.39000	-1.263	16.132	382.215
441	4.40000	-1.267	16.124	382.211
442	4.41000	-1.271	16.130	382.203
443	4.42000	-1.274	16.137	382.189
444	4.43000	-1.286	16.141	382.170
445	4.44000	-1.279	16.128	382.152
446	4.45000	-1.290	16.133	382.130
447	4.46000	-1.279	16.128	382.123
448	4.47000	-1.293	16.139	382.108
449	4.48000	-1.302	16.159	382.107
450	4.49000	-1.309	16.172	382.107
451	4.50000	-1.329	16.195	382.112
452	4.51000	-1.340	16.214	382.129
453	4.52000	-1.386	16.253	382.137
454	4.53000	-1.410	16.283	382.146
455	4.54000	-1.434	16.313	382.158
456	4.55000	-1.463	16.334	382.167
457	4.56000	-1.480	16.351	382.169
458	4.57000	-1.499	16.354	382.172
459	4.58000	-1.509	16.373	382.160
460	4.59000	-1.514	16.364	382.167
461	4.60000	-1.524	16.369	382.155
462	4.61000	-1.524	16.369	382.134
463	4.62000	-1.524	16.369	382.119
464	4.63000	-1.535	16.374	382.100
465	4.64000	-1.530	16.382	382.086
466	4.65000	-1.530	16.382	382.086
467	4.66000	-1.530	16.382	382.072
468	4.67000	-1.512	16.380	382.077
469	4.68000	-1.499	16.354	382.096
470	4.69000	-1.492	16.341	382.107
471	4.70000	-1.472	16.318	382.123
472	4.71000	-1.444	16.281	382.147
473	4.72000	-1.416	16.259	382.171
474	4.73000	-1.392	16.229	382.183
475	4.74000	-1.375	16.198	382.192
476	4.75000	-1.353	16.189	382.201
477	4.76000	-1.339	16.178	382.202
478	4.77000	-1.325	16.167	382.192
479	4.78000	-1.313	16.163	382.179
480	4.79000	-1.299	16.152	382.154
481	4.80000	-1.285	16.141	382.145
482	4.81000	-1.271	16.131	382.128
483	4.82000	-1.267	16.124	382.113
484	4.83000	-1.256	16.120	382.114
485	4.84000	-1.247	16.101	382.115
486	4.85000	-1.247	16.100	382.119
487	4.86000	-1.254	16.099	382.136
488	4.87000	-1.261	16.111	382.146
489	4.88000	-1.278	16.129	382.167
490	4.89000	-1.296	16.146	382.176
491	4.90000	-1.323	16.182	382.189
492	4.91000	-1.347	16.212	382.194
493	4.92000	-1.372	16.242	382.192
494	4.93000	-1.392	16.266	382.183
495	4.94000	-1.410	16.283	382.175
496	4.95000	-1.427	16.300	382.159
497	4.96000	-1.439	16.304	382.144
498	4.97000	-1.453	16.315	382.124
499	4.98000	-1.461	16.313	382.113
500	4.99000	-1.471	16.318	382.098
501	5.00000	-1.489	16.335	382.089
502	5.01000	-1.503	16.346	382.085
503	5.02000	-1.521	16.363	382.080
504	5.03000	-1.530	16.382	382.086
505	5.04000	-1.548	16.399	382.092
506	5.05000	-1.544	16.408	382.107
507	5.06000	-1.544	16.408	382.128
508	5.07000	-1.540	16.416	382.139
509	5.08000	-1.527	16.390	382.159
510	5.09000	-1.506	16.366	382.167
511	5.10000	-1.482	16.337	382.173
512	5.11000	-1.461	16.313	382.178
513	5.12000	-1.440	16.289	382.169
514	5.13000	-1.409	16.247	382.164
515	5.14000	-1.399	16.228	382.150
516	5.15000	-1.381	16.211	382.145
517	5.16000	-1.375	16.198	382.123
518	5.17000	-1.344	16.153	382.063
519	5.18000	-1.293	16.083	381.972
520	5.19000	-1.227	15.994	381.856
521	5.20000	-1.150	15.892	381.723
522	5.21000	-1.068	15.782	381.580
523	5.22000	-0.986	15.672	381.436
524	5.23000	-0.908	15.567	381.297
525	5.24000	-0.839	15.474	381.171
526	5.25000	-0.784	15.398	381.065
527	5.26000	-0.748	15.346	380.987
528	5.27000	-0.736	15.323	380.943
529	5.28000	-0.752	15.337	380.942
530	5.29000	-0.757	15.347	380.939
531	5.30000	-1.297	16.131	382.194
532	5.31000	-1.314	16.163	382.171
533	5.32000	-1.331	16.180	382.156
534	5.33000	-1.351	16.218	382.132
535	5.34000	-1.361	16.237	382.113
536	5.35000	-1.374	16.263	382.098
537	5.36000	-1.392	16.280	382.089
538	5.37000	-1.402	16.299	382.092
539	5.38000	-1.426	16.315	382.097
540	5.39000	-1.442	16.311	382.107
541	5.40000	-1.463	16.335	382.116
542	5.41000	-1.488	16.350	382.129
543	5.42000	-1.510	16.358	382.149
544	5.43000	-1.524	16.369	382.162
545	5.44000	-1.538	16.380	382.165
546	5.45000	-1.542	16.386	382.172
547	5.46000	-1.545	16.393	382.168
548	5.47000	-1.537	16.395	382.158
549	5.48000	-1.526	16.390	382.151
550	5.49000	-1.512	16.380	382.138
551	5.50000	-1.498	16.369	382.125
552	5.51000	-1.477	16.345	382.112
553	5.52000	-1.470	16.332	382.098
554	5.53000	-1.453	16.315	382.085
555	5.54000	-1.440	16.290	382.086
556	5.55000	-1.429	16.285	382.087
557	5.56000	-1.423	16.258	382.102
558	5.57000	-1.413	16.239	382.110
559	5.58000	-1.388	16.223	382.130
560	5.59000	-1.367	16.200	382.149
561	5.60000	-1.333	16.165	382.181
562	5.61000	-1.318	16.154	382.200
563	5.62000	-1.293	16.139	382.209
564	5.63000	-1.267	16.124	382.211
565	5.64000	-1.253	16.113	382.212
566	5.65000	-1.239	16.102	382.206
567	5.66000	-1.238	16.103	382.188
568	5.67000	-1.249	16.107	382.169
569	5.68000	-1.267	16.124	382.150
570	5.69000	-1.285	16.142	382.123
571	5.70000	-1.296	16.146	382.108
572	5.71000	-1.314	16.163	382.099
573	5.72000	-1.325	16.167	382.095
574	5.73000	-1.331	16.180	382.094
575	5.74000	-1.345	16.191	382.108
576	5.75000	-1.345	16.191	382.126
577	5.76000	-1.348	16.212	382.140
578	5.77000	-1.365	16.229	382.156
579	5.78000	-1.382	16.247	382.177
580	5.79000	-1.404	16.270	382.182
581	5.80000	-1.433	16.291	382.191
582	5.81000	-1.471	16.332	382.188
583	5.82000	-1.485	16.343	382.180
584	5.83000	-1.528	16.375	382.155
585	5.84000	-1.538	16.380	382.143
586	5.85000	-1.556	16.397	382.128
587	5.86000	-1.548	16.399	382.103
588	5.87000	-1.546	16.414	382.085
589	5.88000	-1.529	16.397	382.072
590	5.89000	-1.518	16.393	382.062
591	5.90000	-1.501	16.376	382.063
592	5.91000	-1.482	16.373	382.072
593	5.92000	-1.469	16.347	382.091
594	5.93000	-1.471	16.332	382.109
595	5.94000	-1.461	16.313	382.131
596	5.95000	-1.465	16.305	382.153
597	5.96000	-1.452	16.279	382.179
598	5.97000	-1.442	16.260	382.198
599	5.98000	-1.435	16.247	382.209
600	5.99000	-1.413	16.238	382.207
601	6.00000	-1.377	16.219	382.203
602	6.01000	-1.352	16.204	382.186
603	6.02000	-1.315	16.184	382.171
604	6.03000	-1.286	16.177	382.144
605	6.04000	-1.261	16.162	382.128
606	6.05000	-1.254	16.149	382.114
607	6.06000	-1.245	16.130	382.090
608	6.07000	-1.245	16.115	382.093
609	6.08000	-1.254	16.099	382.100
610	6.09000	-1.270	16.095	382.110
611	6.10000	-1.285	16.091	382.130
612	6.11000	-1.302	16.108	382.151
613	6.12000	-1.299	16.101	382.173
614	6.13000	-1.315	16.133	382.197
615	6.14000	-1.318	16.154	382.211
616	6.15000	-1.309	16.171	382.219
617	6.16000	-1.321	16.212	382.217
618	6.17000	-1.327	16.239	382.210
619	6.18000	-1.340	16.265	382.187
620	6.19000	-1.362	16.274	382.164
621	6.20000	-1.395	16.287	382.140
622	6.21000	-1.428	16.300	382.112
623	6.22000	-1.457	16.307	382.088
624	6.23000	-1.489	16.320	382.071
625	6.24000	-1.515	16.336	382.066
626	6.25000	-1.526	16.340	382.061
627	6.26000	-1.536	16.359	382.071
628	6.27000	-1.534	16.374	382.086
629	6.28000	-1.515	16.386	382.109
630	6.29000	-1.517	16.407	382.127
631	6.30000	-1.499	16.405	382.146
632	6.31000	-1.495	16.413	382.164
633	6.32000	-1.495	16.413	382.175
634	6.33000	-1.496	16.398	382.190
635	6.34000	-1.494	16.377	382.186
636	6.35000	-1.499	16.354	382.172
637	6.36000	-1.498	16.318	382.161
638	6.37000	-1.477	16.295	382.148
639	6.38000	-1.464	16.269	382.131
640	6.39000	-1.434	16.248	382.108
641	6.40000	-1.406	16.226	382.096
642	6.41000	-1.373	16.213	382.091
643	6.42000	-1.336	16.208	382.086
644	6.43000	-1.306	16.201	382.089
645	6.44000	-1.282	16.186	382.108
646	6.45000	-1.271	16.181	382.124
647	6.46000	-1.275	16.173	382.141
648	6.47000	-1.262	16.147	382.171
649	6.48000	-1.274	16.137	382.189
650	6.49000	-1.294	16.124	382.209
651	6.50000	-1.303	16.108	382.223
652	6.51000	-1.304	16.093	382.230
653	6.52000	-1.310	16.106	382.212
654	6.53000	-1.302	16.108	382.209
655	6.54000	-1.286	16.127	382.192
656	6.55000	-1.281	16.150	382.163
657	6.56000	-1.278	16.180	382.134
658	6.57000	-1.285	16.192	382.115
659	6.58000	-1.300	16.203	382.100
660	6.59000	-1.324	16.233	382.084
661	6.60000	-1.360	16.252	382.077
662	6.61000	-1.403	16.270	382.078
663	6.62000	-1.448	16.288	382.096
664	6.63000	-1.470	16.282	382.116
665	6.64000	-1.505	16.316	382.128
666	6.65000	-1.526	16.340	382.148
667	6.66000	-1.533	16.352	382.169
668	6.67000	-1.528	16.361	382.187
669	6.68000	-1.512	16.380	382.185
670	6.69000	-1.508	16.388	382.185
671	6.70000	-1.481	16.402	382.176
672	6.71000	-1.484	16.408	382.161
673	6.72000	-1.485	16.394	382.136
674	6.73000	-1.490	16.385	382.114
675	6.74000	-1.501	16.375	382.099
676	6.75000	-1.518	16.356	382.080
677	6.76000	-1.520	16.327	382.073
678	6.77000	-1.524	16.319	382.069
679	6.78000	-1.514	16.300	382.073
680	6.79000	-1.496	16.282	382.089
681	6.80000	-1.463	16.269	382.102
682	6.81000	-1.419	16.266	382.127
683	6.82000	-1.378	16.255	382.148
684	6.83000	-1.337	16.244	382.173
685	6.84000	-1.302	16.224	382.186
686	6.85000	-1.281	16.200	382.206
687	6.86000	-1.268	16.174	382.211
688	6.87000	-1.273	16.151	382.214
689	6.88000	-1.283	16.120	382.206
690	6.89000	-1.291	16.104	382.188
691	6.90000	-1.296	16.081	382.180
692	6.91000	-1.304	16.078	382.151
693	6.92000	-1.304	16.079	382.133
694	6.93000	-1.303	16.093	382.115
695	6.94000	-1.286	16.112	382.105
696	6.95000	-1.274	16.137	382.106
697	6.96000	-1.272	16.167	382.095
698	6.97000	-1.266	16.190	382.106
699	6.98000	-1.273	16.202	382.120
700	6.99000	-1.291	16.220	382.144
701	7.00000	-1.320	16.226	382.167
702	7.01000	-1.354	16.225	382.175
703	7.02000	-1.391	16.230	382.191
704	7.03000	-1.432	16.241	382.199
705	7.04000	-1.461	16.248	382.200
706	7.05000	-1.487	16.263	382.187
707	7.06000	-1.506	16.302	382.175
708	7.07000	-1.508	16.323	382.153
709	7.08000	-1.518	16.356	382.127
710	7.09000	-1.505	16.381	382.099
711	7.10000	-1.499	16.405	382.081
712	7.11000	-1.498	16.420	382.070
713	7.12000	-1.505	16.432	382.059
714	7.13000	-1.498	16.420	382.063
715	7.14000	-1.518	16.407	382.065
716	7.15000	-1.526	16.391	382.086
717	7.16000	-1.536	16.359	382.108
718	7.17000	-1.533	16.338	382.133
719	7.18000	-1.520	16.312	382.152
720	7.19000	-1.518	16.306	382.167
721	7.20000	-1.484	16.292	382.184
722	7.21000	-1.441	16.275	382.191
723	7.22000	-1.404	16.270	382.197
724	7.23000	-1.378	16.269	382.191
725	7.24000	-1.348	16.262	382.183
726	7.25000	-1.316	16.235	382.160
727	7.26000	-1.309	16.222	382.135
728	7.27000	-1.307	16.201	382.125
729	7.28000	-1.309	16.172	382.114
730	7.29000	-1.296	16.131	382.108
731	7.30000	-1.301	16.109	382.100
732	7.31000	-1.303	16.094	382.100
733	7.32000	-1.289	16.083	382.119
734	7.33000	-1.278	16.078	382.131
735	7.34000	-1.269	16.095	382.146
736	7.35000	-1.261	16.111	382.168
737	7.36000	-1.248	16.136	382.191
738	7.37000	-1.247	16.151	382.201
739	7.38000	-1.253	16.164	382.204
740	7.39000	-1.271	16.181	382.210
741	7.40000	-1.307	16.201	382.208
742	7.41000	-1.334	16.201	382.191
743	7.42000	-1.370	16.206	382.178
744	7.43000	-1.410	16.218	382.153
745	7.44000	-1.442	16.246	382.129
746	7.45000	-1.458	16.242	382.106
747	7.46000	-1.474	16.274	382.083
748	7.47000	-1.491	16.306	382.075
749	7.48000	-1.478	16.330	382.072
750	7.49000	-1.476	16.360	382.072
751	7.50000	-1.478	16.381	382.079
752	7.51000	-1.480	16.402	382.093
753	7.52000	-1.481	16.402	382.126
754	7.53000	-1.499	16.405	382.146
755	7.54000	-1.511	16.394	382.160
756	7.55000	-1.523	16.384	382.173
757	7.56000	-1.546	16.378	382.183
758	7.57000	-1.547	16.363	382.186
759	7.58000	-1.544	16.357	382.176
760	7.59000	-1.537	16.344	382.165
761	7.60000	-1.519	16.342	382.149
762	7.61000	-1.486	16.328	382.126
763	7.62000	-1.450	16.309	382.103
764	7.63000	-1.413	16.304	382.088
765	7.64000	-1.383	16.297	382.083
766	7.65000	-1.357	16.282	382.084
767	7.66000	-1.322	16.248	382.091
768	7.67000	-1.316	16.220	382.102
769	7.68000	-1.308	16.186	382.121
770	7.69000	-1.299	16.152	382.154
771	7.70000	-1.307	16.136	382.168
772	7.71000	-1.302	16.108	382.187
773	7.72000	-1.298	16.102	382.205
774	7.73000	-1.300	16.101	382.220
775	7.74000	-1.284	16.105	382.221
776	7.75000	-1.275	16.122	382.207
777	7.76000	-1.264	16.132	382.197
778	7.77000	-1.259	16.141	382.190
779	7.78000	-1.255	16.149	382.168
780	7.79000	-1.250	16.158	382.143
781	7.80000	-1.272	16.167	382.124
782	7.81000	-1.293	16.176	382.115
783	7.82000	-1.317	16.170	382.102
784	7.83000	-1.346	16.176	382.100
785	7.84000	-1.386	16.202	382.094
786	7.85000	-1.414	16.224	382.102
787	7.86000	-1.438	16.254	382.111
788	7.87000	-1.459	16.278	382.124
789	7.88000	-1.475	16.309	382.145
790	7.89000	-1.485	16.343	382.162
791	7.90000	-1.484	16.358	382.173
792	7.91000	-1.486	16.379	382.180
793	7.92000	-1.496	16.398	382.175
794	7.93000	-1.499	16.404	382.168
795	7.94000	-1.504	16.396	382.164
796	7.95000	-1.518	16.393	382.152
797	7.96000	-1.527	16.376	382.130
798	7.97000	-1.538	16.380	382.104
799	7.98000	-1.539	16.366	382.086
800	7.99000	-1.533	16.353	382.068
801	8.00000	-1.521	16.348	382.065
802	8.01000	-1.504	16.346	382.074
803	8.02000	-1.471	16.332	382.087
804	8.03000	-1.449	16.324	382.099
805	8.04000	-1.426	16.315	382.116
806	8.05000	-1.394	16.301	382.140
807	8.06000	-1.373	16.278	382.166
808	8.07000	-1.360	16.252	382.193
809	8.08000	-1.343	16.221	382.201
810	8.09000	-1.327	16.188	382.217
811	8.10000	-1.321	16.161	382.214
812	8.11000	-1.311	16.142	382.200
813	8.12000	-1.301	16.123	382.190
814	8.13000	-1.295	16.110	382.169
815	8.14000	-1.287	16.112	382.148
816	8.15000	-1.258	16.105	382.125
817	8.16000	-1.253	16.114	382.111
818	8.17000	-1.248	16.122	382.100
819	8.18000	-1.244	16.130	382.108
820	8.19000	-1.251	16.143	382.107
821	8.20000	-1.258	16.141	382.118
822	8.21000	-1.276	16.158	382.127
823	8.22000	-1.302	16.159	382.154
824	8.23000	-1.327	16.174	382.170
825	8.24000	-1.357	16.181	382.186
826	8.25000	-1.385	16.202	382.198
827	8.26000	-1.404	16.219	382.204
828	8.27000	-1.414	16.238	382.196
829	8.28000	-1.431	16.256	382.181
830	8.29000	-1.433	16.291	382.169
831	8.30000	-1.441	16.325	382.151
832	8.31000	-1.451	16.345	382.132
833	8.32000	-1.465	16.356	382.105
834	8.33000	-1.475	16.375	382.094
835	8.34000	-1.493	16.377	382.082
836	8.35000	-1.519	16.392	382.069
837	8.36000	-1.534	16.388	382.068
838	8.37000	-1.545	16.393	382.078
839	8.38000	-1.549	16.385	382.088
840	8.39000	-1.549	16.384	382.110
841	8.40000	-1.546	16.378	382.125
842	8.41000	-1.532	16.367	382.140
843	8.42000	-1.506	16.367	382.164
844	8.43000	-1.478	16.345	382.180
845	8.44000	-1.452	16.330	382.189
846	8.45000	-1.423	16.308	382.184
847	8.46000	-1.401	16.300	382.179
848	8.47000	-1.385	16.268	382.177
849	8.48000	-1.372	16.242	382.160
850	8.49000	-1.358	16.217	382.146
851	8.50000	-1.340	16.200	382.126
852	8.51000	-1.335	16.172	382.112
853	8.52000	-1.332	16.165	382.101
854	8.53000	-1.314	16.148	382.095
855	8.54000	-1.300	16.137	382.100
856	8.55000	-1.289	16.133	382.115
857	8.56000	-1.267	16.124	382.128
858	8.57000	-1.260	16.126	382.146
859	8.58000	-1.238	16.117	382.170
860	8.59000	-1.238	16.117	382.191
861	8.60000	-1.242	16.109	382.209
862	8.61000	-1.249	16.107	382.216
863	8.62000	-1.267	16.124	382.218
864	8.63000	-1.290	16.133	382.217
865	8.64000	-1.314	16.148	382.197
866	8.65000	-1.335	16.172	382.173
867	8.66000	-1.364	16.194	382.150
868	8.67000	-1.388	16.223	382.126
869	8.68000	-1.406	16.240	382.107
870	8.69000	-1.422	16.273	382.087
871	8.70000	-1.432	16.292	382.076
872	8.71000	-1.453	16.315	382.074
873	8.72000	-1.456	16.322	382.084
874	8.73000	-1.470	16.333	382.094
875	8.74000	-1.474	16.339	382.112
876	8.75000	-1.502	16.360	382.132
877	8.76000	-1.513	16.365	382.149
878	8.77000	-1.524	16.369	382.162
879	8.78000	-1.535	16.374	382.173
880	8.79000	-1.531	16.382	382.180
881	8.80000	-1.542	16.386	382.176
882	8.81000	-1.524	16.384	382.166
883	8.82000	-1.524	16.384	382.152
884	8.83000	-1.502	16.375	382.139
885	8.84000	-1.487	16.364	382.118
886	8.85000	-1.459	16.343	382.106
887	8.86000	-1.449	16.324	382.092
888	8.87000	-1.428	16.300	382.087
889	8.88000	-1.418	16.281	382.087
890	8.89000	-1.383	16.247	382.094
891	8.90000	-1.373	16.227	382.102
892	8.91000	-1.355	16.210	382.125
893	8.92000	-1.348	16.197	382.143
894	8.93000	-1.320	16.176	382.164
895	8.94000	-1.306	16.165	382.183
896	8.95000	-1.292	16.154	382.198
897	8.96000	-1.278	16.143	382.210
898	8.97000	-1.267	16.139	382.215
899	8.98000	-1.252	16.128	382.208
900	8.99000	-1.245	16.115	382.205
901	9.00000	-1.248	16.122	382.187
902	9.01000	-1.256	16.120	382.168
903	9.02000	-1.260	16.126	382.154
904	9.03000	-1.273	16.137	382.127
905	9.04000	-1.292	16.140	382.112
906	9.05000	-1.310	16.157	382.099
907	9.06000	-1.317	16.169	382.099
908	9.07000	-1.335	16.186	382.101
909	9.08000	-1.355	16.210	382.107
910	9.09000	-1.366	16.214	382.128
911	9.10000	-1.390	16.244	382.144
912	9.11000	-1.408	16.261	382.160
913	9.12000	-1.429	16.285	382.173
914	9.13000	-1.450	16.309	382.190
915	9.14000	-1.470	16.332	382.188
916	9.15000	-1.488	16.349	382.190
917	9.16000	-1.502	16.360	382.179
918	9.17000	-1.523	16.384	382.152
919	9.18000	-1.534	16.388	382.136
920	9.19000	-1.545	16.393	382.114
921	9.20000	-1.534	16.388	382.093
922	9.21000	-1.538	16.395	382.078
923	9.22000	-1.523	16.384	382.069
924	9.23000	-1.516	16.371	382.066
925	9.24000	-1.495	16.362	382.074
926	9.25000	-1.483	16.358	382.086
927	9.26000	-1.473	16.339	382.101
928	9.27000	-1.451	16.330	382.125
929	9.28000	-1.438	16.305	382.151
930	9.29000	-1.424	16.294	382.166
931	9.30000	-1.402	16.285	382.182
932	9.31000	-1.392	16.266	382.190
933	9.32000	-1.375	16.248	382.199
934	9.33000	-1.357	16.231	382.193
935	9.34000	-1.330	16.209	382.188
936	9.35000	-1.308	16.186	382.179
937	9.36000	-1.287	16.162	382.155
938	9.37000	-1.270	16.145	382.142
939	9.38000	-1.249	16.122	382.129
940	9.39000	-1.242	16.109	382.119
941	9.40000	-1.239	16.103	382.112
942	9.41000	-1.239	16.103	382.108
943	9.42000	-1.247	16.101	382.115
944	9.43000	-1.267	16.125	382.128
945	9.44000	-1.270	16.131	382.146
946	9.45000	-1.288	16.148	382.155
947	9.46000	-1.306	16.165	382.168
948	9.47000	-1.323	16.182	382.189
949	9.48000	-1.335	16.186	382.199
950	9.49000	-1.345	16.205	382.201
951	9.50000	-1.366	16.214	382.196
952	9.51000	-1.383	16.232	382.184
953	9.52000	-1.402	16.249	382.175
954	9.53000	-1.413	16.253	382.157
955	9.54000	-1.436	16.283	382.129
956	9.55000	-1.458	16.292	382.110
957	9.56000	-1.479	16.316	382.094
958	9.57000	-1.492	16.341	382.078
959	9.58000	-1.516	16.371	382.066
960	9.59000	-1.519	16.378	382.065
961	9.60000	-1.526	16.390	382.076
962	9.61000	-1.530	16.397	382.090
963	9.62000	-1.523	16.398	382.108
964	9.63000	-1.516	16.386	382.130
965	9.64000	-1.515	16.386	382.149
966	9.65000	-1.502	16.375	382.164
967	9.66000	-1.495	16.362	382.183
968	9.67000	-1.482	16.337	382.180
969	9.68000	-1.467	16.326	382.181
970	9.69000	-1.450	16.309	382.179
971	9.70000	-1.432	16.292	382.155
972	9.71000	-1.415	16.274	382.145
973	9.72000	-1.400	16.264	382.125
974	9.73000	-1.372	16.242	382.109
975	9.74000	-1.354	16.225	382.096
976	9.75000	-1.326	16.203	382.098
977	9.76000	-1.297	16.182	382.097
978	9.77000	-1.283	16.171	382.105
979	9.78000	-1.273	16.152	382.116
980	9.79000	-1.266	16.139	382.135
981	9.80000	-1.257	16.120	382.158
982	9.81000	-1.257	16.120	382.186
983	9.82000	-1.253	16.113	382.198
984	9.83000	-1.261	16.111	382.208
985	9.84000	-1.272	16.116	382.214
986	9.85000	-1.279	16.128	382.214
987	9.86000	-1.279	16.128	382.210
988	9.87000	-1.282	16.135	382.188
989	9.88000	-1.295	16.160	382.173
990	9.89000	-1.298	16.167	382.151
991	9.90000	-1.313	16.177	382.132
992	9.91000	-1.333	16.201	382.112
993	9.92000	-1.358	16.217	382.099
994	9.93000	-1.387	16.238	382.093
995	9.94000	-1.415	16.274	382.095
996	9.95000	-1.440	16.290	382.093
997	9.96000	-1.468	16.311	382.102
998	9.97000	-1.481	16.337	382.112
999	9.98000	-1.499	16.354	382.132
1000	9.99000	-1.513	16.365	382.145
