221	2.20000	182.464	-85.378	128.483
222	2.21000	180.188	-85.177	128.380
223	2.22000	177.770	-84.489	128.261
224	2.23000	175.204	-83.703	128.196
225	2.24000	172.635	-82.892	128.160
226	2.25000	170.132	-81.946	128.049
227	2.26000	167.455	-81.173	127.958
228	2.27000	164.869	-80.361	127.855
229	2.28000	162.134	-79.513	127.644
230	2.29000	159.427	-78.753	127.476
231	2.30000	156.641	-77.892	127.235
232	2.31000	153.894	-77.125	127.023
233	2.32000	151.095	-76.266	126.800
234	2.33000	148.362	-75.423	126.653
235	2.34000	145.668	-74.679	126.620
236	2.35000	142.911	-73.881	126.580
237	2.36000	140.082	-72.983	126.515
238	2.37000	137.401	-72.281	126.574
239	2.38000	134.548	-71.507	126.546
240	2.39000	131.770	-70.723	126.508
241	2.40000	129.013	-69.947	126.434
242	2.41000	126.237	-69.217	126.320
243	2.42000	123.489	-68.434	126.187
244	2.43000	120.703	-67.765	126.048
245	2.44000	117.926	-66.986	125.919
246	2.45000	115.158	-66.231	125.780
247	2.46000	112.442	-65.616	125.838
248	2.47000	109.644	-64.868	125.846
249	2.48000	107.006	-64.287	125.939
250	2.49000	104.252	-63.582	125.999
251	2.50000	101.607	-63.029	126.108
252	2.51000	98.917	-62.388	126.138
253	2.52000	96.234	-61.673	126.103
254	2.53000	93.635	-61.050	126.121
255	2.54000	90.958	-60.416	125.995
256	2.55000	88.411	-59.776	125.954
257	2.56000	85.836	-59.172	125.851
258	2.57000	83.326	-58.651	125.893
259	2.58000	80.685	-58.000	125.865
260	2.59000	78.256	-57.532	125.978
261	2.60000	75.764	-57.042	126.095
262	2.61000	73.331	-56.519	126.241
263	2.62000	70.895	-56.058	126.364
264	2.63000	68.566	-55.596	126.488
265	2.64000	66.306	-55.148	126.579
266	2.65000	63.966	-54.570	126.554
267	2.66000	61.546	-54.175	126.634
268	2.67000	59.383	-53.787	126.559
269	2.68000	57.185	-53.303	126.533
270	2.69000	55.016	-52.804	126.515
271	2.70000	52.907	-52.408	126.640
272	2.71000	50.782	-51.939	126.768
273	2.72000	48.706	-51.500	126.873
274	2.73000	46.699	-51.153	127.058
275	2.74000	44.758	-50.686	127.198
276	2.75000	42.885	-50.267	127.352
277	2.76000	41.012	-49.801	127.418
278	2.77000	39.176	-49.400	127.517
279	2.78000	37.406	-49.081	127.573
280	2.79000	35.624	-48.710	127.548
281	2.80000	34.040	-48.306	127.538
282	2.81000	32.424	-47.907	127.584
283	2.82000	30.865	-47.500	127.608
284	2.83000	29.228	-47.196	127.739
285	2.84000	27.737	-46.863	127.844
286	2.85000	26.209	-46.439	127.978
287	2.86000	24.780	-46.217	128.146
288	2.87000	23.511	-45.833	128.239
289	2.88000	22.340	-45.528	128.318
290	2.89000	21.129	-45.227	128.403
291	2.90000	19.869	-44.793	128.445
292	2.91000	18.656	-44.493	128.433
293	2.92000	17.560	-44.146	128.414
294	2.93000	16.454	-43.901	128.462
295	2.94000	15.405	-43.556	128.457
296	2.95000	14.508	-43.275	128.502
297	2.96000	13.558	-42.919	128.601
298	2.97000	12.691	-42.674	128.698
299	2.98000	11.890	-42.462	128.811
300	2.99000	11.125	-42.221	128.940
301	3.00000	10.338	-41.993	129.037
302	3.01000	9.657	-41.747	129.088
303	3.02000	9.056	-41.611	129.123
304	3.03000	8.468	-41.396	129.082
305	3.04000	7.951	-41.174	129.067
306	3.05000	7.483	-40.920	129.007
307	3.06000	7.089	-40.748	128.995
308	3.07000	6.690	-40.519	129.002
309	3.08000	6.304	-40.324	129.045
310	3.09000	6.038	-40.144	129.121
311	3.10000	5.814	-40.025	129.193
312	3.11000	5.605	-39.897	129.279
313	3.12000	5.486	-39.830	129.332
314	3.13000	5.396	-39.743	129.360
315	3.14000	5.297	-39.577	129.322
316	3.15000	5.355	-39.441	129.285
317	3.16000	5.498	-39.385	129.206
318	3.17000	5.619	-39.359	129.134
319	3.18000	5.764	-39.297	129.078
320	3.19000	6.016	-39.274	129.071
321	3.20000	6.282	-39.249	129.044
322	3.21000	6.714	-39.283	129.058
323	3.22000	7.142	-39.414	129.127
324	3.23000	7.593	-39.502	129.161
325	3.24000	8.124	-39.531	129.162
326	3.25000	8.651	-39.605	129.140
327	3.26000	9.179	-39.676	129.093
328	3.27000	9.863	-39.721	129.001
329	3.28000	10.504	-39.820	128.923
330	3.29000	11.174	-39.914	128.839
331	3.30000	11.953	-39.985	128.708
332	3.31000	12.807	-40.185	128.661
333	3.32000	13.649	-40.355	128.587
334	3.33000	14.561	-40.584	128.594
335	3.34000	15.429	-40.615	128.543
336	3.35000	16.349	-40.906	128.537
337	3.36000	17.462	-41.117	128.466
338	3.37000	18.561	-41.460	128.477
339	3.38000	19.625	-41.713	128.417
340	3.39000	20.743	-41.912	128.313
341	3.40000	21.877	-42.234	128.215
342	3.41000	23.140	-42.546	128.098
343	3.42000	24.431	-42.816	127.993
344	3.43000	25.665	-43.183	127.871
345	3.44000	26.924	-43.444	127.793
346	3.45000	28.346	-43.837	127.763
347	3.46000	29.625	-44.090	127.704
348	3.47000	30.992	-44.520	127.706
349	3.48000	32.436	-45.014	127.681
350	3.49000	33.877	-45.387	127.637
351	3.50000	35.280	-45.681	127.546
352	3.51000	36.832	-46.173	127.455
353	3.52000	38.413	-46.614	127.344
354	3.53000	39.888	-46.894	127.250
355	3.54000	41.390	-47.277	127.141
356	3.55000	42.976	-47.765	127.066
357	3.56000	44.548	-48.337	127.046
358	3.57000	46.183	-48.932	127.000
359	3.58000	47.882	-49.285	126.920
360	3.59000	49.569	-49.687	126.908
361	3.60000	51.199	-50.174	126.893
362	3.61000	52.927	-50.683	126.878
363	3.62000	54.627	-51.146	126.803
364	3.63000	56.341	-51.670	126.755
365	3.64000	58.028	-52.212	126.687
366	3.65000	59.703	-52.661	126.562
367	3.66000	61.371	-53.202	126.509
368	3.67000	63.179	-53.664	126.395
369	3.68000	65.005	-54.078	126.350
370	3.69000	66.655	-54.755	126.407
371	3.70000	68.428	-55.333	126.362
372	3.71000	70.047	-55.835	126.404
373	3.72000	71.840	-56.299	126.348
374	3.73000	73.544	-56.828	126.373
375	3.74000	75.332	-57.437	126.359
376	3.75000	77.094	-58.022	126.296
377	3.76000	78.833	-58.432	126.255
378	3.77000	80.460	-58.948	126.186
379	3.78000	82.300	-59.623	126.111
380	3.79000	84.102	-60.248	126.111
381	3.80000	85.784	-60.767	126.139
382	3.81000	87.480	-61.259	126.090
383	3.82000	89.258	-61.851	126.126
384	3.83000	90.908	-62.390	126.172
385	3.84000	92.609	-62.960	126.192
386	3.85000	94.255	-63.511	126.272
387	3.86000	95.960	-64.083	126.247
388	3.87000	97.680	-64.707	126.320
389	3.88000	99.290	-65.140	126.251
390	3.89000	100.923	-65.592	126.187
391	3.90000	102.475	-66.094	126.213
392	3.91000	104.060	-66.577	126.141
393	3.92000	105.645	-67.069	126.140
394	3.93000	107.275	-67.608	126.220
395	3.94000	108.780	-68.042	126.238
396	3.95000	110.324	-68.456	126.245
397	3.96000	111.899	-68.986	126.349
398	3.97000	113.369	-69.349	126.362
399	3.98000	114.959	-69.884	126.451
400	3.99000	116.323	-70.201	126.436
401	4.00000	117.815	-70.603	126.414
402	4.01000	119.231	-71.044	126.458
403	4.02000	120.619	-71.308	126.411
404	4.03000	121.981	-71.725	126.388
405	4.04000	123.373	-72.148	126.481
406	4.05000	124.705	-72.410	126.448
407	4.06000	125.946	-72.715	126.455
408	4.07000	127.313	-73.177	126.591
409	4.08000	128.503	-73.384	126.606
410	4.09000	129.770	-73.696	126.664
411	4.10000	131.010	-74.009	126.746
412	4.11000	132.079	-74.241	126.742
413	4.12000	133.292	-74.572	126.767
414	4.13000	134.389	-74.830	126.787
415	4.14000	135.474	-75.030	126.746
416	4.15000	136.589	-75.170	126.707
417	4.16000	137.651	-75.586	126.801
418	4.17000	138.655	-75.660	126.787
419	4.18000	139.600	-75.850	126.787
420	4.19000	140.548	-76.000	126.822
421	4.20000	141.536	-76.302	126.936
422	4.21000	142.368	-76.419	126.987
423	4.22000	143.207	-76.500	127.005
424	4.23000	143.970	-76.773	127.084
425	4.24000	144.829	-76.948	127.107
426	4.25000	145.599	-77.007	127.061
427	4.26000	146.248	-77.092	127.038
428	4.27000	146.942	-77.262	127.066
429	4.28000	147.690	-77.320	127.025
430	4.29000	148.371	-77.473	127.066
431	4.30000	148.938	-77.562	127.076
432	4.31000	149.427	-77.590	127.088
433	4.32000	149.964	-77.601	127.133
434	4.33000	150.495	-77.679	127.172
435	4.34000	150.991	-77.770	127.225
436	4.35000	151.425	-77.861	127.276
437	4.36000	151.789	-77.890	127.275
438	4.37000	152.110	-77.911	127.239
439	4.38000	152.383	-77.943	127.247
440	4.39000	152.670	-77.924	127.220
441	4.40000	152.940	-77.886	127.174
442	4.41000	153.164	-77.930	127.178
443	4.42000	153.383	-77.907	127.162
444	4.43000	153.466	-77.935	127.200
445	4.44000	153.574	-77.881	127.219
446	4.45000	153.605	-77.883	127.276
447	4.46000	153.676	-77.840	127.290
448	4.47000	153.701	-77.794	127.297
449	4.48000	153.634	-77.779	127.303
450	4.49000	153.619	-77.701	127.267
451	4.50000	153.450	-77.660	127.266
452	4.51000	153.391	-77.549	127.202
453	4.52000	153.219	-77.519	127.192
454	4.53000	152.989	-77.414	127.146
455	4.54000	152.767	-77.353	127.128
456	4.55000	152.476	-77.270	127.133
457	4.56000	152.206	-77.163	127.130
458	4.57000	151.945	-77.054	127.127
459	4.58000	151.577	-76.993	127.157
460	4.59000	151.181	-76.895	127.185
461	4.60000	150.746	-76.699	127.124
462	4.61000	150.342	-76.539	127.118
463	4.62000	149.832	-76.406	127.095
464	4.63000	149.245	-76.326	127.054
465	4.64000	148.749	-76.237	127.005
466	4.65000	148.196	-76.114	126.966
467	4.66000	147.557	-75.871	126.874
468	4.67000	146.912	-75.746	126.867
469	4.68000	146.211	-75.573	126.860
470	4.69000	145.499	-75.453	126.887
471	4.70000	144.837	-75.288	126.897
472	4.71000	144.127	-75.098	126.838
473	4.72000	143.311	-74.904	126.819
474	4.73000	142.540	-74.684	126.852
475	4.74000	141.691	-74.543	126.813
476	4.75000	140.760	-74.302	126.724
477	4.76000	139.943	-74.113	126.675
478	4.77000	139.035	-73.902	126.614
479	4.78000	138.154	-73.739	126.602
480	4.79000	137.140	-73.524	126.528
481	4.80000	136.232	-73.292	126.558
482	4.81000	135.227	-73.090	126.527
483	4.82000	134.233	-72.911	126.531
484	4.83000	133.155	-72.702	126.559
485	4.84000	132.163	-72.417	126.522
486	4.85000	131.099	-72.190	126.497
487	4.86000	130.014	-71.980	126.456
488	4.87000	128.906	-71.662	126.439
489	4.88000	127.816	-71.460	126.389
490	4.89000	126.710	-71.247	126.344
491	4.90000	125.561	-70.971	126.291
492	4.91000	124.430	-70.681	126.280
493	4.92000	123.300	-70.469	126.279
494	4.93000	122.031	-70.185	126.224
495	4.94000	120.896	-69.922	126.257
496	4.95000	119.692	-69.691	126.275
497	4.96000	118.529	-69.469	126.301
498	4.97000	117.246	-69.086	126.253
499	4.98000	116.046	-68.825	126.236
500	4.99000	114.820	-68.659	126.251
501	5.00000	113.560	-68.277	126.185
502	5.01000	112.304	-67.979	126.151
503	5.02000	111.066	-67.664	126.073
504	5.03000	109.780	-67.370	126.065
505	5.04000	108.580	-67.055	126.090
506	5.05000	107.211	-66.764	126.054
507	5.06000	106.054	-66.453	126.110
508	5.07000	104.764	-66.186	126.116
509	5.08000	103.516	-65.840	126.142
510	5.09000	102.302	-65.449	126.114
511	5.10000	101.028	-65.198	126.115
512	5.11000	99.827	-64.867	126.144
513	5.12000	98.621	-64.595	126.132
514	5.13000	97.365	-64.291	126.095
515	5.14000	96.117	-63.894	126.087
516	5.15000	94.799	-63.487	126.026
517	5.16000	93.541	-63.161	126.027
518	5.17000	92.431	-62.828	126.066
519	5.18000	91.172	-62.511	126.081
520	5.19000	89.996	-62.096	126.116
521	5.20000	88.770	-61.724	126.098
522	5.21000	87.535	-61.482	126.142
523	5.22000	86.395	-61.127	126.180
524	5.23000	85.156	-60.765	126.150
525	5.24000	84.063	-60.400	126.143
526	5.25000	82.925	-60.077	126.132
527	5.26000	81.726	-59.678	126.111
528	5.27000	80.614	-59.301	126.115
529	5.28000	79.505	-58.997	126.088
530	5.29000	78.358	-58.712	126.148
531	5.30000	77.360	-58.356	126.194
532	5.31000	76.202	-57.956	126.154
533	5.32000	75.137	-57.728	126.229
534	5.33000	74.157	-57.386	126.244
535	5.34000	73.104	-57.093	126.293
536	5.35000	72.072	-56.782	126.311
537	5.36000	71.070	-56.433	126.283
538	5.37000	70.095	-56.178	126.298
539	5.38000	69.184	-55.957	126.340
540	5.39000	68.292	-55.604	126.289
541	5.40000	67.318	-55.358	126.353
542	5.41000	66.422	-55.085	126.355
543	5.42000	65.571	-54.742	126.359
544	5.43000	64.717	-54.472	126.384
545	5.44000	63.867	-54.262	126.423
546	5.45000	63.057	-54.071	126.503
547	5.46000	62.208	-53.834	126.541
548	5.47000	61.306	-53.601	126.559
549	5.48000	60.559	-53.333	126.539
550	5.49000	59.862	-53.120	126.566
551	5.50000	59.143	-52.920	126.560
552	5.51000	58.449	-52.744	126.585
553	5.52000	57.803	-52.505	126.594
554	5.53000	57.168	-52.309	126.590
555	5.54000	56.498	-52.143	126.612
556	5.55000	55.855	-51.928	126.637
557	5.56000	55.249	-51.821	126.694
558	5.57000	54.695	-51.681	126.729
559	5.58000	54.140	-51.461	126.758
560	5.59000	53.640	-51.366	126.782
561	5.60000	53.182	-51.296	126.806
562	5.61000	52.741	-51.186	126.799
563	5.62000	52.218	-50.930	126.740
564	5.63000	51.811	-50.842	126.770
565	5.64000	51.446	-50.710	126.788
566	5.65000	51.049	-50.598	126.787
567	5.66000	50.668	-50.547	126.823
568	5.67000	50.330	-50.474	126.839
569	5.68000	50.049	-50.452	126.880
570	5.69000	49.770	-50.403	126.901
571	5.70000	49.539	-50.374	126.928
572	5.71000	49.318	-50.359	126.941
573	5.72000	49.125	-50.303	126.939
574	5.73000	48.952	-50.331	126.954
575	5.74000	48.783	-50.305	126.951
576	5.75000	48.671	-50.317	126.942
577	5.76000	48.570	-50.328	126.936
578	5.77000	48.557	-50.336	126.930
579	5.78000	48.495	-50.368	126.942
580	5.79000	48.468	-50.360	126.945
581	5.80000	48.451	-50.438	126.998
582	5.81000	48.488	-50.443	126.997
583	5.82000	48.565	-50.471	126.999
584	5.83000	48.644	-50.567	127.005
585	5.84000	48.792	-50.594	126.988
586	5.85000	48.908	-50.674	126.990
587	5.86000	49.088	-50.739	126.967
588	5.87000	49.234	-50.838	126.959
589	5.88000	49.474	-50.871	126.925
590	5.89000	49.690	-50.980	126.924
591	5.90000	49.929	-51.056	126.925
592	5.91000	50.266	-51.172	126.909
593	5.92000	50.549	-51.296	126.912
594	5.93000	50.863	-51.399	126.914
595	5.94000	51.215	-51.544	126.907
596	5.95000	51.624	-51.700	126.892
597	5.96000	52.050	-51.839	126.881
598	5.97000	52.491	-52.032	126.905
599	5.98000	52.944	-52.129	126.863
600	5.99000	53.445	-52.242	126.799
601	6.00000	53.874	-52.395	126.782
602	6.01000	54.364	-52.527	126.760
603	6.02000	54.887	-52.646	126.739
604	6.03000	55.451	-52.801	126.734
605	6.04000	56.074	-52.929	126.718
606	6.05000	56.630	-53.139	126.696
607	6.06000	57.239	-53.336	126.728
608	6.07000	57.900	-53.483	126.730
609	6.08000	58.513	-53.645	126.709
610	6.09000	59.161	-53.780	126.644
611	6.10000	59.781	-53.944	126.643
612	6.11000	60.480	-54.079	126.599
613	6.12000	61.222	-54.268	126.556
614	6.13000	61.889	-54.485	126.508
615	6.14000	62.779	-54.641	126.509
616	6.15000	63.558	-54.771	126.470
617	6.16000	64.394	-54.909	126.431
618	6.17000	65.140	-55.108	126.417
619	6.18000	65.869	-55.375	126.458
620	6.19000	66.717	-55.569	126.478
621	6.20000	67.619	-55.777	126.457
622	6.21000	68.408	-56.002	126.416
623	6.22000	69.211	-56.176	126.373
624	6.23000	70.064	-56.302	126.371
625	6.24000	70.927	-56.493	126.290
626	6.25000	71.790	-56.728	126.295
627	6.26000	72.791	-56.949	126.282
628	6.27000	73.674	-57.150	126.223
629	6.28000	74.553	-57.360	126.235
630	6.29000	75.439	-57.557	126.245
631	6.30000	76.417	-57.753	126.232
632	6.31000	77.360	-58.019	126.210
633	6.32000	78.293	-58.243	126.200
634	6.33000	79.244	-58.389	126.169
635	6.34000	80.156	-58.553	126.115
636	6.35000	81.121	-58.894	126.149
637	6.36000	82.208	-59.218	126.129
638	6.37000	83.181	-59.431	126.098
639	6.38000	84.103	-59.670	126.108
640	6.39000	85.107	-59.873	126.098
641	6.40000	86.130	-60.170	126.103
642	6.41000	87.018	-60.484	126.105
643	6.42000	87.950	-60.706	126.112
644	6.43000	89.014	-60.840	126.070
645	6.44000	89.959	-61.103	126.096
646	6.45000	90.931	-61.510	126.127
647	6.46000	91.946	-61.714	126.064
648	6.47000	92.843	-61.964	126.070
649	6.48000	93.800	-62.199	126.080
650	6.49000	94.803	-62.460	126.032
651	6.50000	95.789	-62.790	126.027
652	6.51000	96.689	-63.060	126.042
653	6.52000	97.660	-63.329	126.066
654	6.53000	98.713	-63.597	126.084
655	6.54000	99.587	-63.913	126.104
656	6.55000	100.457	-64.155	126.123
657	6.56000	101.402	-64.375	126.132
658	6.57000	102.302	-64.626	126.105
659	6.58000	103.220	-64.896	126.136
660	6.59000	104.100	-65.079	126.110
661	6.60000	105.041	-65.323	126.078
662	6.61000	105.872	-65.626	126.094
663	6.62000	106.703	-65.891	126.115
664	6.63000	107.618	-66.156	126.107
665	6.64000	108.498	-66.376	126.077
666	6.65000	109.333	-66.623	126.107
667	6.66000	110.146	-66.857	126.139
668	6.67000	111.019	-67.108	126.211
669	6.68000	111.864	-67.324	126.190
670	6.69000	112.582	-67.622	126.205
671	6.70000	113.383	-67.833	126.226
672	6.71000	114.180	-68.118	126.257
673	6.72000	115.046	-68.278	126.233
674	6.73000	115.734	-68.470	126.235
675	6.74000	116.395	-68.686	126.215
676	6.75000	117.116	-68.893	126.226
677	6.76000	117.882	-69.091	126.220
678	6.77000	118.556	-69.302	126.249
679	6.78000	119.240	-69.535	126.312
680	6.79000	119.797	-69.764	126.331
681	6.80000	120.391	-69.887	126.339
682	6.81000	121.060	-70.020	126.328
683	6.82000	121.665	-70.229	126.355
684	6.83000	122.355	-70.440	126.387
685	6.84000	122.889	-70.592	126.406
686	6.85000	123.336	-70.738	126.376
687	6.86000	123.881	-70.838	126.358
688	6.87000	124.382	-70.967	126.339
689	6.88000	124.891	-71.139	126.350
690	6.89000	125.374	-71.261	126.365
691	6.90000	125.817	-71.411	126.393
692	6.91000	126.207	-71.675	126.484
693	6.92000	126.673	-71.726	126.510
694	6.93000	127.020	-71.825	126.489
695	6.94000	127.352	-71.912	126.505
696	6.95000	127.735	-71.981	126.486
697	6.96000	128.065	-72.061	126.474
698	6.97000	128.373	-72.155	126.480
699	6.98000	128.683	-72.262	126.473
700	6.99000	128.965	-72.328	126.459
701	7.00000	129.263	-72.401	126.469
702	7.01000	129.415	-72.502	126.480
703	7.02000	129.671	-72.510	126.495
704	7.03000	129.926	-72.644	126.563
705	7.04000	130.084	-72.695	126.580
706	7.05000	130.266	-72.659	126.574
707	7.06000	130.397	-72.671	126.565
708	7.07000	130.507	-72.684	126.565
709	7.08000	130.574	-72.703	126.556
710	7.09000	130.658	-72.705	126.558
711	7.10000	130.707	-72.686	126.546
712	7.11000	130.696	-72.729	126.512
713	7.12000	130.701	-72.678	126.514
714	7.13000	130.744	-72.645	126.531
715	7.14000	130.596	-72.661	126.529
716	7.15000	130.638	-72.580	126.537
717	7.16000	130.575	-72.558	126.538
718	7.17000	130.476	-72.514	126.551
719	7.18000	130.382	-72.490	126.549
720	7.19000	130.200	-72.456	126.547
721	7.20000	130.081	-72.409	126.541
722	7.21000	129.878	-72.276	126.476
723	7.22000	129.659	-72.185	126.461
724	7.23000	129.450	-72.123	126.447
725	7.24000	129.189	-72.059	126.464
726	7.25000	128.977	-71.910	126.401
727	7.26000	128.692	-71.807	126.423
728	7.27000	128.404	-71.710	126.420
729	7.28000	128.096	-71.616	126.429
730	7.29000	127.800	-71.492	126.417
731	7.30000	127.403	-71.429	126.449
732	7.31000	127.100	-71.332	126.439
733	7.32000	126.772	-71.195	126.430
734	7.33000	126.350	-71.049	126.383
735	7.34000	125.936	-70.921	126.369
736	7.35000	125.524	-70.757	126.311
737	7.36000	125.058	-70.614	126.312
738	7.37000	124.580	-70.483	126.303
739	7.38000	124.130	-70.376	126.314
740	7.39000	123.619	-70.227	126.310
741	7.40000	123.155	-70.045	126.312
742	7.41000	122.667	-69.912	126.315
743	7.42000	122.095	-69.717	126.263
744	7.43000	121.524	-69.590	126.281
745	7.44000	120.974	-69.462	126.263
746	7.45000	120.331	-69.375	126.282
747	7.46000	119.820	-69.184	126.264
748	7.47000	119.225	-69.032	126.239
749	7.48000	118.610	-68.828	126.184
750	7.49000	117.959	-68.649	126.171
751	7.50000	117.283	-68.511	126.198
752	7.51000	116.652	-68.318	126.206
753	7.52000	116.021	-68.161	126.193
754	7.53000	115.362	-68.005	126.170
755	7.54000	114.681	-67.850	126.209
756	7.55000	113.890	-67.637	126.179
757	7.56000	113.234	-67.455	126.198
758	7.57000	112.494	-67.275	126.158
759	7.58000	111.804	-67.065	126.127
760	7.59000	111.061	-66.913	126.161
761	7.60000	110.245	-66.719	126.105
762	7.61000	109.523	-66.556	126.079
763	7.62000	108.811	-66.374	126.073
764	7.63000	108.071	-66.154	126.072
765	7.64000	107.229	-66.047	126.136
766	7.65000	106.418	-65.802	126.095
767	7.66000	105.733	-65.600	126.105
768	7.67000	104.963	-65.402	126.071
769	7.68000	104.143	-65.222	126.115
770	7.69000	103.376	-65.044	126.103
771	7.70000	102.581	-64.844	126.089
772	7.71000	101.878	-64.648	126.062
773	7.72000	101.087	-64.481	126.043
774	7.73000	100.261	-64.339	126.090
775	7.74000	99.472	-64.174	126.098
776	7.75000	98.703	-63.984	126.089
777	7.76000	97.949	-63.704	126.057
778	7.77000	97.089	-63.548	126.100
779	7.78000	96.287	-63.333	126.077
780	7.79000	95.557	-63.126	126.103
781	7.80000	94.739	-62.922	126.110
782	7.81000	93.878	-62.631	126.064
783	7.82000	93.086	-62.536	126.101
784	7.83000	92.372	-62.313	126.075
785	7.84000	91.597	-62.124	126.064
786	7.85000	90.748	-61.915	126.079
787	7.86000	89.986	-61.715	126.104
788	7.87000	89.252	-61.425	126.087
789	7.88000	88.492	-61.309	126.081
790	7.89000	87.695	-61.146	126.099
791	7.90000	86.935	-60.974	126.138
792	7.91000	86.268	-60.773	126.169
793	7.92000	85.474	-60.541	126.152
794	7.93000	84.686	-60.380	126.144
795	7.94000	83.942	-60.230	126.159
796	7.95000	83.262	-60.075	126.153
797	7.96000	82.644	-59.806	126.140
798	7.97000	81.864	-59.667	126.178
799	7.98000	81.092	-59.408	126.180
800	7.99000	80.396	-59.190	126.148
801	8.00000	79.746	-58.975	126.143
802	8.01000	79.105	-58.816	126.154
803	8.02000	78.452	-58.715	126.188
804	8.03000	77.819	-58.581	126.223
805	8.04000	77.170	-58.409	126.248
806	8.05000	76.541	-58.216	126.281
807	8.06000	75.908	-57.985	126.234
808	8.07000	75.285	-57.846	126.260
809	8.08000	74.707	-57.702	126.265
810	8.09000	74.148	-57.600	126.250
811	8.10000	73.594	-57.447	126.268
812	8.11000	73.091	-57.232	126.278
813	8.12000	72.497	-57.122	126.329
814	8.13000	71.902	-56.924	126.321
815	8.14000	71.396	-56.768	126.311
816	8.15000	70.887	-56.638	126.336
817	8.16000	70.469	-56.460	126.326
818	8.17000	69.997	-56.337	126.379
819	8.18000	69.518	-56.253	126.376
820	8.19000	69.115	-56.161	126.381
821	8.20000	68.724	-56.021	126.381
822	8.21000	68.336	-55.911	126.391
823	8.22000	67.934	-55.729	126.357
824	8.23000	67.575	-55.606	126.367
825	8.24000	67.216	-55.494	126.406
826	8.25000	66.863	-55.413	126.431
827	8.26000	66.526	-55.270	126.433
828	8.27000	66.192	-55.191	126.423
829	8.28000	65.927	-55.114	126.465
830	8.29000	65.651	-54.976	126.431
831	8.30000	65.389	-54.841	126.405
832	8.31000	65.140	-54.750	126.402
833	8.32000	64.936	-54.678	126.400
834	8.33000	64.763	-54.544	126.387
835	8.34000	64.513	-54.555	126.386
836	8.35000	64.371	-54.486	126.410
837	8.36000	64.200	-54.420	126.416
838	8.37000	64.068	-54.406	126.429
839	8.38000	63.928	-54.333	126.437
840	8.39000	63.816	-54.331	126.444
841	8.40000	63.740	-54.272	126.445
842	8.41000	63.685	-54.267	126.442
843	8.42000	63.574	-54.213	126.463
844	8.43000	63.566	-54.189	126.436
845	8.44000	63.528	-54.177	126.439
846	8.45000	63.534	-54.218	126.442
847	8.46000	63.556	-54.175	126.426
848	8.47000	63.552	-54.207	126.432
849	8.48000	63.603	-54.212	126.435
850	8.49000	63.676	-54.202	126.427
851	8.50000	63.735	-54.232	126.426
852	8.51000	63.831	-54.239	126.432
853	8.52000	63.953	-54.256	126.419
854	8.53000	64.043	-54.295	126.446
855	8.54000	64.193	-54.304	126.416
856	8.55000	64.302	-54.383	126.452
857	8.56000	64.508	-54.409	126.438
858	8.57000	64.711	-54.441	126.418
859	8.58000	64.910	-54.489	126.396
860	8.59000	65.093	-54.610	126.383
861	8.60000	65.346	-54.697	126.386
862	8.61000	65.566	-54.779	126.393
863	8.62000	65.833	-54.926	126.440
864	8.63000	66.117	-54.990	126.414
865	8.64000	66.452	-55.109	126.435
866	8.65000	66.720	-55.179	126.423
867	8.66000	67.063	-55.296	126.416
868	8.67000	67.415	-55.444	126.434
869	8.68000	67.790	-55.461	126.359
870	8.69000	68.162	-55.678	126.376
871	8.70000	68.515	-55.782	126.370
872	8.71000	68.859	-55.884	126.350
873	8.72000	69.245	-55.994	126.344
874	8.73000	69.651	-56.105	126.339
875	8.74000	70.137	-56.174	126.331
876	8.75000	70.596	-56.269	126.301
877	8.76000	70.958	-56.440	126.296
878	8.77000	71.449	-56.608	126.313
879	8.78000	71.925	-56.823	126.342
880	8.79000	72.482	-56.941	126.314
881	8.80000	72.962	-57.086	126.284
882	8.81000	73.447	-57.209	126.251
883	8.82000	73.979	-57.366	126.234
884	8.83000	74.542	-57.494	126.212
885	8.84000	75.040	-57.656	126.235
886	8.85000	75.587	-57.796	126.215
887	8.86000	76.148	-57.925	126.193
888	8.87000	76.772	-58.153	126.236
889	8.88000	77.259	-58.360	126.229
890	8.89000	77.890	-58.504	126.211
891	8.90000	78.442	-58.660	126.198
892	8.91000	79.115	-58.751	126.143
893	8.92000	79.702	-58.869	126.141
894	8.93000	80.267	-59.077	126.133
895	8.94000	80.882	-59.318	126.186
896	8.95000	81.533	-59.472	126.147
897	8.96000	82.264	-59.678	126.133
898	8.97000	82.906	-59.848	126.120
899	8.98000	83.457	-60.099	126.132
900	8.99000	84.119	-60.237	126.132
901	9.00000	84.775	-60.349	126.124
902	9.01000	85.465	-60.498	126.122
903	9.02000	86.138	-60.750	126.153
904	9.03000	86.754	-60.949	126.139
905	9.04000	87.410	-61.117	126.129
906	9.05000	88.107	-61.250	126.078
907	9.06000	88.768	-61.364	126.059
908	9.07000	89.441	-61.494	126.070
909	9.08000	90.096	-61.761	126.082
910	9.09000	90.781	-62.012	126.094
911	9.10000	91.503	-62.130	126.056
912	9.11000	92.155	-62.278	126.059
913	9.12000	92.845	-62.442	126.072
914	9.13000	93.430	-62.607	126.080
915	9.14000	94.126	-62.775	126.071
916	9.15000	94.820	-62.925	126.066
917	9.16000	95.564	-63.112	126.066
918	9.17000	96.168	-63.329	126.053
919	9.18000	96.857	-63.520	126.055
920	9.19000	97.521	-63.656	126.072
921	9.20000	98.260	-63.857	126.052
922	9.21000	98.915	-64.069	126.125
923	9.22000	99.518	-64.186	126.087
924	9.23000	100.170	-64.322	126.063
925	9.24000	100.810	-64.437	126.046
926	9.25000	101.451	-64.547	126.022
927	9.26000	102.056	-64.717	126.058
928	9.27000	102.635	-64.860	126.079
929	9.28000	103.257	-65.049	126.119
930	9.29000	103.847	-65.165	126.089
931	9.30000	104.522	-65.350	126.050
932	9.31000	105.133	-65.446	126.043
933	9.32000	105.732	-65.600	126.078
934	9.33000	106.263	-65.782	126.054
935	9.34000	106.781	-65.918	126.079
936	9.35000	107.418	-66.111	126.120
937	9.36000	108.019	-66.178	126.082
938	9.37000	108.621	-66.281	126.077
939	9.38000	109.102	-66.450	126.079
940	9.39000	109.663	-66.594	126.105
941	9.40000	110.162	-66.691	126.102
942	9.41000	110.725	-66.863	126.168
943	9.42000	111.249	-66.972	126.135
944	9.43000	111.751	-67.078	126.115
945	9.44000	112.259	-67.232	126.137
946	9.45000	112.730	-67.320	126.129
947	9.46000	113.088	-67.472	126.128
948	9.47000	113.584	-67.588	126.144
949	9.48000	114.029	-67.701	126.149
950	9.49000	114.487	-67.898	126.222
951	9.50000	114.953	-67.957	126.179
952	9.51000	115.342	-68.025	126.182
953	9.52000	115.727	-68.115	126.184
954	9.53000	116.090	-68.230	126.196
955	9.54000	116.455	-68.272	126.183
956	9.55000	116.827	-68.362	126.205
957	9.56000	117.089	-68.506	126.190
958	9.57000	117.417	-68.590	126.197
959	9.58000	117.715	-68.697	126.197
960	9.59000	118.026	-68.787	126.190
961	9.60000	118.351	-68.949	126.253
962	9.61000	118.594	-68.993	126.243
963	9.62000	118.859	-69.070	126.243
964	9.63000	119.076	-69.137	126.269
965	9.64000	119.308	-69.182	126.271
966	9.65000	119.500	-69.234	126.276
967	9.66000	119.656	-69.346	126.292
968	9.67000	119.866	-69.377	126.285
969	9.68000	120.045	-69.394	126.277
970	9.69000	120.107	-69.502	126.278
971	9.70000	120.273	-69.582	126.293
972	9.71000	120.385	-69.607	126.283
973	9.72000	120.464	-69.646	126.307
974	9.73000	120.558	-69.668	126.290
975	9.74000	120.656	-69.699	126.289
976	9.75000	120.714	-69.705	126.289
977	9.76000	120.710	-69.755	126.309
978	9.77000	120.709	-69.795	126.328
979	9.78000	120.815	-69.766	126.278
980	9.79000	120.772	-69.799	126.292
981	9.80000	120.753	-69.809	126.298
982	9.81000	120.674	-69.856	126.320
983	9.82000	120.695	-69.808	126.280
984	9.83000	120.593	-69.817	126.296
985	9.84000	120.498	-69.834	126.305
986	9.85000	120.410	-69.849	126.325
987	9.86000	120.344	-69.821	126.321
988	9.87000	120.195	-69.793	126.293
989	9.88000	120.055	-69.785	126.326
990	9.89000	119.888	-69.767	126.330
991	9.90000	119.753	-69.751	126.334
992	9.91000	119.569	-69.697	126.317
993	9.92000	119.408	-69.687	126.319
994	9.93000	119.229	-69.664	126.316
995	9.94000	119.057	-69.597	126.331
996	9.95000	118.844	-69.578	126.317
997	9.96000	118.556	-69.441	126.281
998	9.97000	118.355	-69.374	126.262
999	9.98000	118.062	-69.292	126.274
1000	9.99000	117.729	-69.234	126.275
1001	10.00000	117.402	-69.162	126.274
1002	10.01000	117.080	-69.063	126.268
1003	10.02000	116.781	-68.996	126.279
1004	10.03000	116.412	-68.895	126.259
1005	10.04000	116.077	-68.854	126.259
1006	10.05000	115.814	-68.710	126.275
1007	10.06000	115.405	-68.681	126.249
1008	10.07000	115.116	-68.555	126.253
1009	10.08000	114.659	-68.443	126.237
1010	10.09000	114.278	-68.447	126.288
1011	10.10000	113.810	-68.256	126.240
1012	10.11000	113.391	-68.125	126.239
1013	10.12000	112.936	-68.003	126.225
1014	10.13000	112.515	-67.844	126.211
1015	10.14000	112.079	-67.718	126.203
1016	10.15000	111.664	-67.619	126.188
1017	10.16000	111.249	-67.433	126.200
1018	10.17000	110.727	-67.262	126.188
1019	10.18000	110.227	-67.171	126.184
1020	10.19000	109.740	-67.033	126.165
1021	10.20000	109.263	-66.877	126.142
1022	10.21000	108.726	-66.743	126.124
1023	10.22000	108.229	-66.607	126.132
1024	10.23000	107.694	-66.468	126.156
1025	10.24000	107.187	-66.352	126.183
1026	10.25000	106.614	-66.125	126.177
1027	10.26000	106.125	-65.956	126.141
1028	10.27000	105.606	-65.843	126.135
1029	10.28000	105.085	-65.657	126.096
1030	10.29000	104.562	-65.451	126.101
1031	10.30000	103.973	-65.283	126.122
1032	10.31000	103.415	-65.174	126.137
1033	10.32000	102.902	-65.031	126.152
1034	10.33000	102.300	-64.821	126.112
1035	10.34000	101.790	-64.630	126.085
1036	10.35000	101.194	-64.515	126.096
1037	10.36000	100.629	-64.326	126.094
1038	10.37000	100.063	-64.222	126.125
1039	10.38000	99.489	-64.059	126.116
1040	10.39000	99.034	-63.867	126.130
1041	10.40000	98.346	-63.738	126.110
1042	10.41000	97.772	-63.484	126.124
1043	10.42000	97.133	-63.341	126.117
1044	10.43000	96.548	-63.161	126.075
1045	10.44000	95.997	-62.965	126.063
1046	10.45000	95.489	-62.774	126.071
1047	10.46000	94.801	-62.653	126.104
1048	10.47000	94.189	-62.401	126.085
1049	10.48000	93.557	-62.259	126.074
1050	10.49000	93.023	-62.117	126.088
1051	10.50000	92.494	-61.956	126.059
1052	10.51000	91.892	-61.831	126.074
1053	10.52000	91.327	-61.679	126.110
1054	10.53000	90.770	-61.526	126.119
1055	10.54000	90.124	-61.273	126.070
1056	10.55000	89.590	-61.112	126.069
1057	10.56000	89.090	-60.897	126.050
1058	10.57000	88.498	-60.853	126.087
1059	10.58000	87.904	-60.701	126.086
1060	10.59000	87.377	-60.573	126.098
1061	10.60000	86.856	-60.443	126.091
1062	10.61000	86.336	-60.278	126.116
1063	10.62000	85.813	-60.147	126.128
1064	10.63000	85.224	-59.977	126.120
1065	10.64000	84.637	-59.854	126.124
1066	10.65000	84.129	-59.747	126.136
1067	10.66000	83.609	-59.638	126.113
1068	10.67000	83.178	-59.481	126.111
1069	10.68000	82.705	-59.354	126.107
1070	10.69000	82.170	-59.212	126.098
1071	10.70000	81.625	-59.054	126.115
1072	10.71000	81.101	-58.956	126.148
1073	10.72000	80.599	-58.782	126.114
1074	10.73000	80.183	-58.626	126.104
1075	10.74000	79.754	-58.550	126.127
1076	10.75000	79.316	-58.483	126.152
1077	10.76000	78.897	-58.384	126.148
1078	10.77000	78.464	-58.326	126.159
1079	10.78000	78.044	-58.283	126.180
1080	10.79000	77.644	-58.157	126.182
1081	10.80000	77.256	-58.104	126.197
1082	10.81000	76.907	-57.961	126.218
1083	10.82000	76.492	-57.843	126.187
1084	10.83000	76.097	-57.777	126.188
1085	10.84000	75.724	-57.723	126.225
1086	10.85000	75.363	-57.663	126.242
1087	10.86000	75.016	-57.601	126.258
1088	10.87000	74.712	-57.528	126.239
1089	10.88000	74.477	-57.443	126.232
1090	10.89000	74.111	-57.399	126.240
1091	10.90000	73.832	-57.373	126.260
1092	10.91000	73.560	-57.322	126.252
1093	10.92000	73.357	-57.213	126.263
1094	10.93000	73.097	-57.148	126.264
1095	10.94000	72.854	-57.118	126.293
1096	10.95000	72.591	-57.103	126.322
1097	10.96000	72.343	-57.065	126.339
1098	10.97000	72.127	-57.021	126.338
1099	10.98000	71.912	-56.922	126.321
1100	10.99000	71.767	-56.940	126.363
1101	11.00000	71.566	-56.840	126.333
1102	11.01000	71.407	-56.783	126.301
1103	11.02000	71.320	-56.747	126.325
1104	11.03000	71.172	-56.699	126.306
1105	11.04000	71.031	-56.692	126.310
1106	11.05000	70.945	-56.652	126.302
1107	11.06000	70.896	-56.613	126.312
1108	11.07000	70.804	-56.617	126.308
1109	11.08000	70.779	-56.563	126.303
1110	11.09000	70.744	-56.551	126.329
1111	11.10000	70.702	-56.520	126.325
1112	11.11000	70.677	-56.540	126.318
1113	11.12000	70.701	-56.491	126.321
1114	11.13000	70.698	-56.513	126.324
1115	11.14000	70.724	-56.505	126.318
1116	11.15000	70.761	-56.500	126.316
1117	11.16000	70.768	-56.531	126.306
1118	11.17000	70.838	-56.520	126.302
1119	11.18000	70.941	-56.509	126.297
1120	11.19000	70.976	-56.560	126.296
1121	11.20000	71.075	-56.553	126.292
1122	11.21000	71.195	-56.609	126.321
1123	11.22000	71.286	-56.628	126.321
1124	11.23000	71.439	-56.645	126.311
1125	11.24000	71.606	-56.672	126.315
1126	11.25000	71.757	-56.694	126.294
1127	11.26000	71.921	-56.732	126.288
1128	11.27000	72.118	-56.781	126.290
1129	11.28000	72.383	-56.879	126.318
1130	11.29000	72.574	-56.849	126.260
1131	11.30000	72.816	-56.951	126.289
1132	11.31000	73.029	-56.972	126.266
1133	11.32000	73.322	-56.985	126.244
1134	11.33000	73.574	-57.030	126.244
1135	11.34000	73.818	-57.078	126.240
1136	11.35000	74.058	-57.165	126.224
1137	11.36000	74.382	-57.217	126.212
1138	11.37000	74.683	-57.319	126.227
1139	11.38000	74.955	-57.354	126.209
1140	11.39000	75.255	-57.404	126.209
1141	11.40000	75.570	-57.466	126.205
1142	11.41000	75.893	-57.570	126.190
1143	11.42000	76.296	-57.595	126.147
1144	11.43000	76.651	-57.675	126.157
1145	11.44000	77.080	-57.827	126.182
1146	11.45000	77.408	-57.911	126.159
1147	11.46000	77.782	-58.046	126.155
1148	11.47000	78.160	-58.136	126.151
1149	11.48000	78.540	-58.227	126.151
1150	11.49000	78.937	-58.250	126.128
1151	11.50000	79.404	-58.309	126.119
1152	11.51000	79.826	-58.421	126.110
1153	11.52000	80.166	-58.529	126.084
1154	11.53000	80.581	-58.617	126.059
1155	11.54000	81.058	-58.839	126.110
1156	11.55000	81.556	-59.046	126.142
1157	11.56000	82.058	-59.177	126.130
1158	11.57000	82.560	-59.263	126.088
1159	11.58000	82.984	-59.373	126.090
1160	11.59000	83.454	-59.504	126.099
1161	11.60000	83.894	-59.648	126.110
1162	11.61000	84.320	-59.793	126.119
1163	11.62000	84.804	-59.925	126.104
1164	11.63000	85.359	-60.020	126.100
1165	11.64000	85.825	-60.130	126.075
1166	11.65000	86.395	-60.340	126.098
1167	11.66000	86.868	-60.499	126.069
1168	11.67000	87.346	-60.637	126.071
1169	11.68000	87.817	-60.762	126.048
1170	11.69000	88.346	-60.914	126.052
1171	11.70000	88.893	-60.957	126.051
1172	11.71000	89.384	-61.108	126.040
1173	11.72000	89.870	-61.295	126.062
1174	11.73000	90.356	-61.514	126.071
1175	11.74000	90.918	-61.718	126.090
1176	11.75000	91.424	-61.831	126.064
1177	11.76000	91.989	-61.971	126.034
1178	11.77000	92.464	-62.078	126.028
1179	11.78000	92.980	-62.257	126.063
1180	11.79000	93.408	-62.393	126.059
1181	11.80000	93.945	-62.536	126.046
1182	11.81000	94.529	-62.673	126.049
1183	11.82000	95.065	-62.913	126.080
1184	11.83000	95.625	-63.043	126.068
1185	11.84000	96.104	-63.212	126.077
1186	11.85000	96.556	-63.400	126.074
1187	11.86000	97.063	-63.539	126.088
1188	11.87000	97.559	-63.698	126.098
1189	11.88000	98.118	-63.836	126.087
1190	11.89000	98.655	-63.988	126.107
1191	11.90000	99.100	-64.192	126.119
1192	11.91000	99.567	-64.331	126.115
1193	11.92000	100.057	-64.439	126.102
1194	11.93000	100.547	-64.542	126.083
1195	11.94000	101.046	-64.660	126.056
1196	11.95000	101.541	-64.777	126.052
1197	11.96000	102.004	-64.920	126.087
1198	11.97000	102.401	-65.016	126.117
1199	11.98000	102.860	-65.166	126.115
1200	11.99000	103.298	-65.341	126.149
1201	12.00000	103.766	-65.438	126.116
1202	12.01000	104.242	-65.613	126.111
1203	12.02000	104.700	-65.696	126.090
1204	12.03000	105.134	-65.791	126.100
1205	12.04000	105.551	-65.926	126.120
1206	12.05000	105.883	-66.079	126.150
1207	12.06000	106.301	-66.187	126.135
1208	12.07000	106.758	-66.360	126.207
1209	12.08000	107.127	-66.461	126.196
1210	12.09000	107.488	-66.565	126.151
1211	12.10000	107.992	-66.564	126.138
1212	12.11000	108.310	-66.686	126.128
1213	12.12000	108.673	-66.768	126.130
1214	12.13000	109.022	-66.867	126.142
1215	12.14000	109.373	-66.950	126.140
1216	12.15000	109.725	-67.033	126.173
1217	12.16000	110.052	-67.119	126.160
1218	12.17000	110.363	-67.187	126.161
1219	12.18000	110.711	-67.240	126.173
1220	12.19000	111.021	-67.352	126.169
1221	12.20000	111.338	-67.441	126.177
1222	12.21000	111.656	-67.448	126.186
1223	12.22000	111.840	-67.558	126.185
1224	12.23000	112.139	-67.570	126.176
1225	12.24000	112.368	-67.634	126.185
1226	12.25000	112.603	-67.689	126.189
1227	12.26000	112.806	-67.772	126.191
1228	12.27000	113.035	-67.779	126.187
1229	12.28000	113.295	-67.839	126.187
1230	12.29000	113.479	-67.908	126.210
1231	12.30000	113.726	-67.946	126.195
1232	12.31000	113.838	-67.996	126.221
1233	12.32000	114.052	-68.004	126.209
1234	12.33000	114.276	-68.117	126.254
1235	12.34000	114.345	-68.083	126.231
1236	12.35000	114.533	-68.171	126.249
1237	12.36000	114.693	-68.132	126.243
1238	12.37000	114.821	-68.128	126.212
1239	12.38000	114.891	-68.134	126.215
1240	12.39000	114.987	-68.162	126.210
1241	12.40000	115.054	-68.160	126.216
1242	12.41000	115.116	-68.163	126.215
1243	12.42000	115.145	-68.146	126.211
1244	12.43000	115.147	-68.210	126.203
1245	12.44000	115.195	-68.178	126.204
1246	12.45000	115.267	-68.121	126.204
1247	12.46000	115.245	-68.123	126.205
1248	12.47000	115.224	-68.127	126.206
1249	12.48000	115.223	-68.097	126.205
1250	12.49000	115.171	-68.099	126.210
1251	12.50000	115.141	-68.069	126.194
1252	12.51000	115.065	-68.084	126.202
1253	12.52000	115.002	-68.064	126.200
1254	12.53000	114.916	-68.104	126.209
1255	12.54000	114.834	-68.018	126.208
1256	12.55000	114.682	-68.058	126.242
1257	12.56000	114.630	-68.020	126.221
1258	12.57000	114.432	-67.945	126.220
1259	12.58000	114.301	-67.999	126.271
1260	12.59000	114.150	-67.825	126.175
1261	12.60000	113.906	-67.851	126.217
1262	12.61000	113.736	-67.799	126.212
1263	12.62000	113.597	-67.765	126.209
1264	12.63000	113.376	-67.691	126.213
1265	12.64000	113.132	-67.679	126.205
1266	12.65000	112.970	-67.602	126.180
1267	12.66000	112.753	-67.525	126.168
1268	12.67000	112.493	-67.477	126.170
1269	12.68000	112.263	-67.452	126.179
1270	12.69000	112.037	-67.373	126.155
1271	12.70000	111.833	-67.295	126.174
1272	12.71000	111.573	-67.219	126.163
1273	12.72000	111.246	-67.178	126.195
1274	12.73000	110.901	-67.068	126.176
1275	12.74000	110.642	-67.054	126.215
1276	12.75000	110.301	-66.952	126.194
1277	12.76000	109.982	-66.912	126.145
1278	12.77000	109.688	-66.817	126.140
1279	12.78000	109.334	-66.761	126.135
1280	12.79000	109.005	-66.659	126.121
1281	12.80000	108.647	-66.585	126.110
1282	12.81000	108.347	-66.459	126.111
1283	12.82000	107.939	-66.434	126.128
1284	12.83000	107.540	-66.384	126.160
1285	12.84000	107.142	-66.300	126.183
1286	12.85000	106.782	-66.254	126.203
1287	12.86000	106.371	-66.060	126.134
1288	12.87000	105.997	-65.957	126.133
1289	12.88000	105.607	-65.901	126.133
1290	12.89000	105.268	-65.717	126.102
1291	12.90000	104.860	-65.626	126.093
1292	12.91000	104.440	-65.570	126.102
1293	12.92000	103.952	-65.470	126.128
1294	12.93000	103.520	-65.341	126.140
1295	12.94000	103.131	-65.247	126.145
1296	12.95000	102.661	-65.110	126.130
1297	12.96000	102.273	-64.965	126.138
1298	12.97000	101.883	-64.856	126.098
1299	12.98000	101.435	-64.764	126.071
1300	12.99000	100.989	-64.632	126.076
1301	13.00000	100.487	-64.587	126.112
1302	13.01000	100.029	-64.468	126.119
1303	13.02000	99.578	-64.364	126.128
1304	13.03000	99.233	-64.220	126.139
1305	13.04000	98.794	-64.143	126.153
1306	13.05000	98.277	-63.998	126.130
1307	13.06000	97.778	-63.833	126.100
1308	13.07000	97.299	-63.663	126.099
1309	13.08000	96.788	-63.562	126.088
1310	13.09000	96.339	-63.427	126.080
1311	13.10000	95.881	-63.300	126.082
1312	13.11000	95.453	-63.121	126.098
1313	13.12000	95.004	-62.993	126.088
1314	13.13000	94.488	-62.789	126.067
1315	13.14000	93.939	-62.670	126.077
1316	13.15000	93.461	-62.538	126.083
1317	13.16000	93.065	-62.460	126.084
1318	13.17000	92.610	-62.338	126.057
1319	13.18000	92.218	-62.136	126.041
1320	13.19000	91.733	-62.037	126.060
1321	13.20000	91.247	-61.926	126.089
1322	13.21000	90.767	-61.817	126.104
1323	13.22000	90.286	-61.624	126.092
1324	13.23000	89.865	-61.447	126.085
1325	13.24000	89.452	-61.235	126.052
1326	13.25000	89.042	-61.131	126.057
1327	13.26000	88.575	-61.077	126.050
1328	13.27000	88.149	-60.980	126.057
1329	13.28000	87.684	-60.868	126.078
1330	13.29000	87.254	-60.746	126.097
1331	13.30000	86.848	-60.629	126.100
1332	13.31000	86.472	-60.521	126.127
1333	13.32000	86.093	-60.369	126.112
1334	13.33000	85.663	-60.187	126.081
1335	13.34000	85.173	-60.058	126.078
1336	13.35000	84.774	-59.978	126.103
1337	13.36000	84.373	-59.869	126.103
1338	13.37000	83.993	-59.774	126.114
1339	13.38000	83.612	-59.686	126.098
1340	13.39000	83.297	-59.546	126.095
1341	13.40000	82.978	-59.416	126.090
1342	13.41000	82.611	-59.321	126.092
1343	13.42000	82.224	-59.241	126.121
1344	13.43000	81.864	-59.155	126.129
1345	13.44000	81.440	-59.102	126.167
1346	13.45000	81.084	-58.882	126.117
1347	13.46000	80.755	-58.778	126.132
1348	13.47000	80.430	-58.615	126.075
1349	13.48000	80.130	-58.533	126.086
1350	13.49000	79.913	-58.423	126.093
1351	13.50000	79.606	-58.385	126.099
1352	13.51000	79.327	-58.300	126.105
1353	13.52000	78.996	-58.271	126.114
1354	13.53000	78.735	-58.220	126.140
1355	13.54000	78.475	-58.210	126.139
1356	13.55000	78.249	-58.149	126.147
1357	13.56000	78.007	-58.077	126.146
1358	13.57000	77.763	-58.079	126.169
1359	13.58000	77.557	-57.985	126.175
1360	13.59000	77.372	-57.933	126.187
1361	13.60000	77.162	-57.866	126.170
1362	13.61000	76.999	-57.810	126.185
1363	13.62000	76.813	-57.763	126.195
1364	13.63000	76.585	-57.670	126.170
1365	13.64000	76.417	-57.641	126.170
1366	13.65000	76.224	-57.633	126.163
1367	13.66000	76.099	-57.596	126.165
1368	13.67000	75.951	-57.573	126.185
1369	13.68000	75.836	-57.540	126.183
1370	13.69000	75.711	-57.531	126.201
1371	13.70000	75.603	-57.523	126.206
1372	13.71000	75.498	-57.521	126.217
1373	13.72000	75.408	-57.513	126.219
1374	13.73000	75.353	-57.489	126.216
1375	13.74000	75.285	-57.494	126.219
1376	13.75000	75.232	-57.499	126.229
1377	13.76000	75.166	-57.522	126.228
1378	13.77000	75.169	-57.483	126.217
1379	13.78000	75.132	-57.516	126.228
1380	13.79000	75.105	-57.524	126.230
1381	13.80000	75.119	-57.523	126.229
1382	13.81000	75.116	-57.545	126.226
1383	13.82000	75.152	-57.552	126.226
1384	13.83000	75.182	-57.573	126.236
1385	13.84000	75.201	-57.602	126.240
1386	13.85000	75.281	-57.606	126.239
1387	13.86000	75.296	-57.657	126.243
1388	13.87000	75.393	-57.662	126.233
1389	13.88000	75.493	-57.679	126.217
1390	13.89000	75.580	-57.720	126.218
1391	13.90000	75.692	-57.747	126.215
1392	13.91000	75.815	-57.794	126.219
1393	13.92000	75.942	-57.821	126.201
1394	13.93000	76.061	-57.833	126.191
1395	13.94000	76.243	-57.872	126.181
1396	13.95000	76.400	-57.925	126.208
1397	13.96000	76.557	-57.950	126.204
1398	13.97000	76.735	-58.011	126.193
1399	13.98000	76.946	-58.117	126.220
1400	13.99000	77.102	-58.216	126.213
1401	14.00000	77.286	-58.273	126.210
1402	14.01000	77.527	-58.317	126.186
1403	14.02000	77.719	-58.416	126.205
1404	14.03000	77.974	-58.470	126.191
1405	14.04000	78.158	-58.517	126.190
1406	14.05000	78.441	-58.546	126.159
1407	14.06000	78.687	-58.592	126.152
1408	14.07000	78.962	-58.641	126.144
1409	14.08000	79.226	-58.698	126.142
1410	14.09000	79.515	-58.731	126.119
1411	14.10000	79.815	-58.743	126.116
1412	14.11000	80.047	-58.869	126.115
1413	14.12000	80.326	-58.966	126.131
1414	14.13000	80.668	-59.078	126.163
1415	14.14000	80.975	-59.202	126.175
1416	14.15000	81.273	-59.267	126.158
1417	14.16000	81.677	-59.419	126.164
1418	14.17000	82.074	-59.479	126.143
1419	14.18000	82.435	-59.544	126.121
1420	14.19000	82.797	-59.655	126.114
1421	14.20000	83.105	-59.724	126.120
1422	14.21000	83.425	-59.831	126.141
1423	14.22000	83.750	-59.917	126.119
1424	14.23000	84.117	-60.041	126.137
1425	14.24000	84.504	-60.093	126.134
1426	14.25000	84.856	-60.156	126.115
1427	14.26000	85.289	-60.258	126.124
1428	14.27000	85.696	-60.313	126.098
1429	14.28000	86.137	-60.487	126.131
1430	14.29000	86.446	-60.632	126.124
1431	14.30000	86.841	-60.711	126.126
1432	14.31000	87.269	-60.764	126.096
1433	14.32000	87.644	-60.882	126.097
1434	14.33000	88.069	-60.979	126.082
1435	14.34000	88.489	-61.051	126.071
1436	14.35000	88.946	-61.102	126.063
1437	14.36000	89.351	-61.159	126.046
1438	14.37000	89.742	-61.299	126.093
1439	14.38000	90.099	-61.442	126.077
1440	14.39000	90.552	-61.652	126.116
1441	14.40000	90.982	-61.765	126.104
1442	14.41000	91.412	-61.838	126.081
1443	14.42000	91.887	-61.916	126.050
1444	14.43000	92.326	-61.993	126.036
1445	14.44000	92.677	-62.145	126.041
1446	14.45000	93.055	-62.238	126.081
1447	14.46000	93.432	-62.332	126.075
1448	14.47000	93.918	-62.466	126.104
1449	14.48000	94.441	-62.598	126.093
1450	14.49000	94.851	-62.706	126.081
1451	14.50000	95.305	-62.785	126.067
1452	14.51000	95.747	-62.911	126.061
1453	14.52000	96.060	-63.075	126.054
1454	14.53000	96.480	-63.147	126.063
1455	14.54000	96.892	-63.303	126.075
1456	14.55000	97.352	-63.396	126.086
1457	14.56000	97.763	-63.495	126.080
1458	14.57000	98.243	-63.618	126.096
1459	14.58000	98.674	-63.839	126.138
1460	14.59000	99.083	-63.898	126.118
1461	14.60000	99.396	-64.030	126.110
1462	14.61000	99.773	-64.117	126.103
1463	14.62000	100.168	-64.206	126.093
1464	14.63000	100.559	-64.310	126.085
1465	14.64000	100.927	-64.378	126.064
1466	14.65000	101.335	-64.495	126.073
1467	14.66000	101.749	-64.568	126.071
1468	14.67000	102.090	-64.643	126.075
1469	14.68000	102.363	-64.799	126.107
1470	14.69000	102.757	-64.850	126.082
1471	14.70000	103.070	-64.949	126.095
1472	14.71000	103.434	-65.095	126.122
1473	14.72000	103.776	-65.177	126.120
1474	14.73000	104.120	-65.312	126.131
1475	14.74000	104.489	-65.417	126.097
1476	14.75000	104.874	-65.436	126.071
1477	14.76000	105.158	-65.576	126.085
1478	14.77000	105.420	-65.679	126.092
1479	14.78000	105.710	-65.787	126.115
1480	14.79000	106.013	-65.878	126.115
1481	14.80000	106.275	-65.952	126.121
1482	14.81000	106.570	-66.063	126.137
1483	14.82000	106.854	-66.196	126.199
1484	14.83000	107.106	-66.262	126.188
1485	14.84000	107.385	-66.316	126.164
1486	14.85000	107.717	-66.374	126.139
1487	14.86000	107.945	-66.430	126.143
1488	14.87000	108.268	-66.439	126.109
1489	14.88000	108.396	-66.582	126.116
1490	14.89000	108.657	-66.618	126.108
1491	14.90000	108.854	-66.684	126.126
1492	14.91000	109.098	-66.742	126.122
1493	14.92000	109.253	-66.804	126.133
1494	14.93000	109.442	-66.886	126.139
1495	14.94000	109.633	-66.909	126.161
1496	14.95000	109.814	-66.988	126.159
1497	14.96000	109.989	-67.030	126.154
1498	14.97000	110.119	-67.059	126.164
1499	14.98000	110.235	-67.094	126.163
1500	14.99000	110.415	-67.116	126.143
1501	15.00000	110.564	-67.180	126.173
1502	15.01000	110.694	-67.265	126.219
1503	15.02000	110.757	-67.211	126.186
1504	15.03000	110.866	-67.244	126.181
1505	15.04000	111.039	-67.296	126.170
1506	15.05000	111.144	-67.310	126.185
1507	15.06000	111.179	-67.335	126.197
1508	15.07000	111.260	-67.357	126.183
1509	15.08000	111.298	-67.361	126.179
1510	15.09000	111.342	-67.384	126.190
1511	15.10000	111.401	-67.380	126.172
1512	15.11000	111.397	-67.401	126.184
1513	15.12000	111.416	-67.409	126.173
1514	15.13000	111.433	-67.398	126.186
1515	15.14000	111.441	-67.384	126.172
1516	15.15000	111.410	-67.354	126.175
1517	15.16000	111.413	-67.361	126.172
1518	15.17000	111.389	-67.317	126.165
1519	15.18000	111.324	-67.336	126.182
1520	15.19000	111.300	-67.282	126.157
1521	15.20000	111.212	-67.286	126.164
1522	15.21000	111.149	-67.254	126.172
1523	15.22000	111.052	-67.244	126.188
1524	15.23000	110.942	-67.251	126.199
1525	15.24000	110.818	-67.155	126.174
1526	15.25000	110.719	-67.099	126.155
1527	15.26000	110.585	-67.096	126.185
1528	15.27000	110.487	-67.074	126.165
1529	15.28000	110.309	-67.048	126.180
1530	15.29000	110.134	-66.978	126.161
1531	15.30000	110.045	-66.914	126.136
1532	15.31000	109.897	-66.866	126.135
1533	15.32000	109.716	-66.839	126.147
1534	15.33000	109.535	-66.801	126.152
1535	15.34000	109.364	-66.727	126.128
1536	15.35000	109.156	-66.656	126.110
1537	15.36000	108.977	-66.619	126.108
1538	15.37000	108.823	-66.499	126.110
1539	15.38000	108.612	-66.421	126.094
1540	15.39000	108.369	-66.364	126.098
1541	15.40000	108.156	-66.320	126.099
1542	15.41000	107.866	-66.272	126.110
1543	15.42000	107.565	-66.255	126.149
1544	15.43000	107.320	-66.158	126.142
1545	15.44000	107.044	-66.140	126.165
1546	15.45000	106.749	-65.945	126.085
1547	15.46000	106.473	-65.887	126.093
1548	15.47000	106.210	-65.812	126.102
1549	15.48000	105.957	-65.752	126.095
1550	15.49000	105.708	-65.654	126.111
1551	15.50000	105.429	-65.539	126.086
1552	15.51000	105.105	-65.452	126.064
1553	15.52000	104.830	-65.384	126.060
1554	15.53000	104.466	-65.321	126.085
1555	15.54000	104.085	-65.246	126.113
1556	15.55000	103.769	-65.152	126.108
1557	15.56000	103.434	-65.072	126.115
1558	15.57000	103.126	-64.992	126.120
1559	15.58000	102.771	-64.861	126.091
1560	15.59000	102.449	-64.776	126.089
1561	15.60000	102.104	-64.643	126.071
1562	15.61000	101.821	-64.574	126.055
1563	15.62000	101.470	-64.506	126.068
1564	15.63000	101.033	-64.413	126.063
1565	15.64000	100.678	-64.345	126.080
1566	15.65000	100.325	-64.266	126.095
1567	15.66000	99.943	-64.199	126.109
1568	15.67000	99.589	-64.127	126.102
1569	15.68000	99.250	-64.026	126.094
1570	15.69000	98.956	-63.930	126.123
1571	15.70000	98.509	-63.783	126.091
1572	15.71000	98.115	-63.673	126.101
1573	15.72000	97.724	-63.532	126.068
1574	15.73000	97.335	-63.470	126.080
1575	15.74000	96.899	-63.369	126.059
1576	15.75000	96.501	-63.282	126.066
1577	15.76000	96.126	-63.163	126.067
1578	15.77000	95.754	-63.063	126.060
1579	15.78000	95.402	-62.965	126.084
1580	15.79000	94.990	-62.878	126.103
1581	15.80000	94.616	-62.750	126.083
1582	15.81000	94.215	-62.645	126.115
1583	15.82000	93.749	-62.491	126.063
1584	15.83000	93.325	-62.401	126.090
1585	15.84000	92.986	-62.350	126.083
1586	15.85000	92.693	-62.242	126.080
1587	15.86000	92.290	-62.099	126.044
1588	15.87000	91.931	-62.030	126.046
1589	15.88000	91.521	-61.953	126.071
1590	15.89000	91.153	-61.897	126.095
1591	15.90000	90.706	-61.728	126.082
1592	15.91000	90.304	-61.648	126.107
1593	15.92000	89.939	-61.486	126.085
1594	15.93000	89.568	-61.363	126.059
1595	15.94000	89.281	-61.235	126.069
1596	15.95000	88.949	-61.172	126.067
1597	15.96000	88.599	-61.114	126.056
1598	15.97000	88.137	-61.055	126.082
1599	15.98000	87.821	-60.963	126.075
1600	15.99000	87.469	-60.887	126.107
1601	16.00000	87.121	-60.801	126.110
1602	16.01000	86.806	-60.756	126.127
1603	16.02000	86.485	-60.646	126.117
1604	16.03000	86.141	-60.507	126.092
1605	16.04000	85.819	-60.402	126.106
1606	16.05000	85.505	-60.301	126.113
1607	16.06000	85.177	-60.196	126.094
1608	16.07000	84.819	-60.171	126.119
1609	16.08000	84.499	-60.096	126.139
1610	16.09000	84.211	-60.033	126.152
1611	16.10000	83.936	-59.944	126.114
1612	16.11000	83.668	-59.888	126.120
1613	16.12000	83.443	-59.752	126.122
1614	16.13000	83.195	-59.692	126.124
1615	16.14000	82.943	-59.609	126.113
1616	16.15000	82.678	-59.544	126.113
1617	16.16000	82.402	-59.492	126.132
1618	16.17000	82.156	-59.394	126.130
1619	16.18000	81.836	-59.288	126.122
1620	16.19000	81.562	-59.249	126.131
1621	16.20000	81.325	-59.194	126.152
1622	16.21000	81.084	-59.138	126.169
1623	16.22000	80.900	-59.022	126.154
1624	16.23000	80.729	-58.974	126.155
1625	16.24000	80.499	-58.838	126.112
1626	16.25000	80.278	-58.784	126.117
1627	16.26000	80.140	-58.708	126.100
1628	16.27000	79.978	-58.674	126.111
1629	16.28000	79.846	-58.616	126.132
1630	16.29000	79.662	-58.587	126.125
1631	16.30000	79.531	-58.530	126.115
1632	16.31000	79.390	-58.521	126.126
1633	16.32000	79.268	-58.473	126.129
1634	16.33000	79.131	-58.432	126.122
1635	16.34000	79.034	-58.444	126.131
1636	16.35000	78.896	-58.396	126.138
1637	16.36000	78.811	-58.389	126.136
1638	16.37000	78.690	-58.370	126.152
1639	16.38000	78.622	-58.352	126.155
1640	16.39000	78.578	-58.331	126.153
1641	16.40000	78.507	-58.318	126.156
1642	16.41000	78.428	-58.319	126.167
1643	16.42000	78.381	-58.309	126.159
1644	16.43000	78.354	-58.277	126.158
1645	16.44000	78.314	-58.303	126.156
1646	16.45000	78.325	-58.267	126.157
1647	16.46000	78.276	-58.273	126.152
1648	16.47000	78.288	-58.282	126.169
1649	16.48000	78.282	-58.275	126.160
1650	16.49000	78.309	-58.250	126.155
1651	16.50000	78.327	-58.285	126.164
1652	16.51000	78.359	-58.295	126.161
1653	16.52000	78.423	-58.284	126.149
1654	16.53000	78.446	-58.308	126.157
1655	16.54000	78.507	-58.307	126.162
1656	16.55000	78.574	-58.341	126.158
1657	16.56000	78.616	-58.356	126.160
1658	16.57000	78.715	-58.362	126.150
1659	16.58000	78.839	-58.359	126.142
1660	16.59000	78.900	-58.374	126.138
1661	16.60000	79.015	-58.408	126.133
1662	16.61000	79.171	-58.434	126.125
1663	16.62000	79.272	-58.429	126.133
1664	16.63000	79.435	-58.468	126.130
1665	16.64000	79.574	-58.499	126.128
1666	16.65000	79.699	-58.553	126.141
1667	16.66000	79.832	-58.600	126.110
1668	16.67000	79.963	-58.652	126.111
1669	16.68000	80.129	-58.692	126.109
1670	16.69000	80.257	-58.708	126.104
1671	16.70000	80.465	-58.781	126.095
1672	16.71000	80.674	-58.892	126.143
1673	16.72000	80.893	-58.997	126.150
1674	16.73000	81.073	-59.077	126.162
1675	16.74000	81.287	-59.129	126.146
1676	16.75000	81.505	-59.206	126.144
1677	16.76000	81.853	-59.293	126.141
1678	16.77000	82.105	-59.399	126.140
1679	16.78000	82.366	-59.429	126.114
1680	16.79000	82.611	-59.498	126.111
1681	16.80000	82.854	-59.578	126.118
1682	16.81000	83.102	-59.654	126.116
1683	16.82000	83.306	-59.755	126.112
1684	16.83000	83.540	-59.843	126.112
1685	16.84000	83.838	-59.908	126.118
1686	16.85000	84.087	-60.001	126.146
1687	16.86000	84.390	-60.046	126.130
1688	16.87000	84.664	-60.121	126.127
1689	16.88000	84.997	-60.155	126.099
1690	16.89000	85.307	-60.258	126.127
1691	16.90000	85.617	-60.336	126.108
1692	16.91000	85.943	-60.401	126.099
1693	16.92000	86.277	-60.577	126.131
1694	16.93000	86.547	-60.686	126.115
1695	16.94000	86.854	-60.763	126.107
1696	16.95000	87.147	-60.834	126.107
1697	16.96000	87.487	-60.945	126.109
1698	16.97000	87.844	-60.966	126.083
1699	16.98000	88.188	-61.085	126.067
1700	16.99000	88.522	-61.161	126.054
1701	17.00000	88.888	-61.201	126.074
1702	17.01000	89.187	-61.287	126.073
1703	17.02000	89.576	-61.343	126.060
1704	17.03000	89.873	-61.502	126.075
1705	17.04000	90.213	-61.650	126.083
1706	17.05000	90.522	-61.769	126.087
1707	17.06000	90.934	-61.908	126.111
1708	17.07000	91.330	-61.946	126.064
1709	17.08000	91.686	-62.048	126.063
1710	17.09000	92.056	-62.110	126.045
1711	17.10000	92.387	-62.227	126.052
1712	17.11000	92.770	-62.311	126.063
1713	17.12000	93.049	-62.431	126.091
1714	17.13000	93.349	-62.479	126.087
1715	17.14000	93.691	-62.578	126.087
1716	17.15000	94.108	-62.614	126.043
1717	17.16000	94.546	-62.792	126.104
1718	17.17000	94.864	-62.838	126.054
1719	17.18000	95.265	-62.994	126.077
1720	17.19000	95.582	-63.073	126.051
1721	17.20000	96.006	-63.135	126.066
1722	17.21000	96.285	-63.269	126.062
1723	17.22000	96.651	-63.367	126.062
1724	17.23000	96.968	-63.458	126.057
1725	17.24000	97.342	-63.547	126.081
1726	17.25000	97.696	-63.613	126.072
1727	17.26000	98.098	-63.691	126.047
1728	17.27000	98.466	-63.813	126.085
1729	17.28000	98.803	-63.980	126.128
1730	17.29000	99.154	-64.034	126.125
1731	17.30000	99.379	-64.132	126.109
1732	17.31000	99.695	-64.179	126.104
1733	17.32000	100.007	-64.270	126.097
1734	17.33000	100.315	-64.326	126.087
1735	17.34000	100.672	-64.360	126.064
1736	17.35000	101.005	-64.432	126.048
1737	17.36000	101.322	-64.486	126.018
1738	17.37000	101.622	-64.600	126.065
1739	17.38000	101.914	-64.615	126.067
1740	17.39000	102.169	-64.674	126.063
1741	17.40000	102.410	-64.812	126.092
1742	17.41000	102.743	-64.935	126.132
1743	17.42000	103.025	-64.993	126.119
1744	17.43000	103.271	-65.049	126.115
1745	17.44000	103.520	-65.089	126.108
1746	17.45000	103.787	-65.170	126.111
1747	17.46000	104.051	-65.216	126.089
1748	17.47000	104.366	-65.271	126.083
1749	17.48000	104.631	-65.341	126.061
1750	17.49000	104.884	-65.400	126.057
1751	17.50000	105.109	-65.448	126.067
1752	17.51000	105.362	-65.512	126.076
1753	17.52000	105.563	-65.545	126.088
1754	17.53000	105.739	-65.678	126.095
1755	17.54000	105.886	-65.747	126.096
1756	17.55000	106.126	-65.785	126.092
1757	17.56000	106.319	-65.786	126.111
1758	17.57000	106.458	-65.864	126.101
1759	17.58000	106.626	-65.970	126.123
1760	17.59000	106.801	-65.943	126.076
1761	17.60000	107.019	-66.096	126.162
1762	17.61000	107.144	-66.168	126.163
1763	17.62000	107.298	-66.172	126.149
1764	17.63000	107.472	-66.196	126.141
1765	17.64000	107.634	-66.208	126.120
1766	17.65000	107.830	-66.235	126.108
1767	17.66000	107.939	-66.267	126.107
1768	17.67000	108.050	-66.318	126.097
1769	17.68000	108.208	-66.289	126.081
1770	17.69000	108.300	-66.320	126.088
1771	17.70000	108.388	-66.355	126.092
1772	17.71000	108.442	-66.399	126.098
1773	17.72000	108.483	-66.439	126.085
1774	17.73000	108.604	-66.436	126.093
1775	17.74000	108.648	-66.476	126.091
1776	17.75000	108.728	-66.479	126.109
1777	17.76000	108.693	-66.557	126.108
1778	17.77000	108.737	-66.569	126.109
1779	17.78000	108.788	-66.578	126.105
1780	17.79000	108.762	-66.584	126.118
1781	17.80000	108.792	-66.585	126.106
1782	17.81000	108.786	-66.588	126.111
1783	17.82000	108.776	-66.625	126.117
1784	17.83000	108.783	-66.582	126.098
1785	17.84000	108.732	-66.613	126.113
1786	17.85000	108.711	-66.616	126.106
1787	17.86000	108.672	-66.589	126.098
1788	17.87000	108.625	-66.610	126.122
1789	17.88000	108.578	-66.569	126.101
1790	17.89000	108.564	-66.545	126.128
1791	17.90000	108.487	-66.492	126.109
1792	17.91000	108.367	-66.553	126.111
1793	17.92000	108.342	-66.463	126.115
1794	17.93000	108.236	-66.461	126.114
1795	17.94000	108.075	-66.466	126.111
1796	17.95000	107.991	-66.443	126.125
1797	17.96000	107.884	-66.429	126.125
1798	17.97000	107.770	-66.401	126.127
1799	17.98000	107.552	-66.423	126.163
1800	17.99000	107.408	-66.383	126.167
1801	18.00000	107.305	-66.330	126.161
1802	18.01000	107.093	-66.321	126.184
1803	18.02000	106.972	-66.295	126.194
1804	18.03000	106.779	-66.162	126.160
1805	18.04000	106.614	-66.121	126.134
1806	18.05000	106.450	-66.062	126.124
1807	18.06000	106.271	-66.026	126.127
1808	18.07000	106.086	-65.941	126.120
1809	18.08000	105.903	-65.926	126.126
1810	18.09000	105.700	-65.863	126.121
1811	18.10000	105.559	-65.745	126.111
1812	18.11000	105.354	-65.705	126.106
1813	18.12000	105.133	-65.641	126.089
1814	18.13000	104.870	-65.578	126.081
1815	18.14000	104.626	-65.522	126.097
1816	18.15000	104.384	-65.502	126.122
1817	18.16000	104.110	-65.383	126.105
1818	18.17000	103.912	-65.289	126.097
1819	18.18000	103.614	-65.229	126.129
1820	18.19000	103.346	-65.170	126.134
1821	18.20000	103.077	-65.139	126.151
1822	18.21000	102.803	-65.011	126.117
1823	18.22000	102.548	-64.912	126.106
1824	18.23000	102.253	-64.889	126.114
1825	18.24000	102.064	-64.748	126.075
1826	18.25000	101.783	-64.696	126.081
1827	18.26000	101.516	-64.605	126.065
1828	18.27000	101.155	-64.558	126.078
1829	18.28000	100.873	-64.472	126.089
1830	18.29000	100.582	-64.405	126.097
1831	18.30000	100.259	-64.321	126.103
1832	18.31000	99.946	-64.258	126.115
1833	18.32000	99.643	-64.204	126.133
1834	18.33000	99.403	-64.096	126.105
1835	18.34000	99.144	-64.019	126.134
1836	18.35000	98.849	-63.935	126.127
1837	18.36000	98.458	-63.804	126.103
1838	18.37000	98.169	-63.688	126.091
1839	18.38000	97.791	-63.609	126.080
1840	18.39000	97.435	-63.502	126.094
1841	18.40000	97.091	-63.423	126.082
1842	18.41000	96.761	-63.356	126.080
1843	18.42000	96.439	-63.212	126.075
1844	18.43000	96.103	-63.148	126.081
1845	18.44000	95.792	-63.037	126.066
1846	18.45000	95.529	-62.932	126.075
1847	18.46000	95.170	-62.843	126.081
1848	18.47000	94.824	-62.782	126.099
1849	18.48000	94.467	-62.660	126.107
1850	18.49000	94.064	-62.544	126.090
1851	18.50000	93.698	-62.420	126.071
1852	18.51000	93.374	-62.340	126.074
1853	18.52000	93.092	-62.281	126.080
1854	18.53000	92.800	-62.219	126.062
1855	18.54000	92.520	-62.099	126.049
1856	18.55000	92.185	-61.986	126.050
1857	18.56000	91.876	-61.923	126.052
1858	18.57000	91.550	-61.854	126.057
1859	18.58000	91.169	-61.817	126.092
1860	18.59000	90.841	-61.764	126.115
1861	18.60000	90.485	-61.589	126.088
1862	18.61000	90.166	-61.506	126.086
1863	18.62000	89.864	-61.384	126.081
1864	18.63000	89.675	-61.224	126.078
1865	18.64000	89.324	-61.154	126.057
1866	18.65000	89.050	-61.083	126.060
1867	18.66000	88.746	-61.030	126.056
1868	18.67000	88.413	-60.994	126.079
1869	18.68000	88.108	-60.935	126.078
1870	18.69000	87.818	-60.882	126.085
1871	18.70000	87.525	-60.799	126.094
1872	18.71000	87.232	-60.739	126.100
1873	18.72000	86.993	-60.664	126.098
1874	18.73000	86.697	-60.608	126.112
1875	18.74000	86.459	-60.552	126.102
1876	18.75000	86.216	-60.447	126.118
1877	18.76000	85.908	-60.331	126.103
1878	18.77000	85.663	-60.255	126.097
1879	18.78000	85.398	-60.228	126.112
1880	18.79000	85.125	-60.132	126.092
1881	18.80000	84.902	-60.098	126.096
1882	18.81000	84.643	-60.045	126.126
1883	18.82000	84.370	-60.039	126.148
1884	18.83000	84.176	-59.959	126.140
1885	18.84000	83.961	-59.940	126.136
1886	18.85000	83.746	-59.871	126.099
1887	18.86000	83.544	-59.839	126.115
1888	18.87000	83.408	-59.734	126.113
1889	18.88000	83.159	-59.720	126.106
1890	18.89000	83.042	-59.644	126.112
1891	18.90000	82.896	-59.570	126.104
1892	18.91000	82.699	-59.569	126.117
1893	18.92000	82.542	-59.514	126.112
1894	18.93000	82.375	-59.483	126.120
1895	18.94000	82.218	-59.428	126.126
1896	18.95000	82.050	-59.436	126.148
1897	18.96000	81.852	-59.372	126.159
1898	18.97000	81.713	-59.364	126.161
1899	18.98000	81.596	-59.311	126.164
1900	18.99000	81.370	-59.232	126.153
1901	19.00000	81.313	-59.201	126.149
1902	19.01000	81.145	-59.182	126.159
1903	19.02000	81.036	-59.144	126.159
1904	19.03000	80.957	-59.088	126.152
1905	19.04000	80.879	-59.077	126.161
1906	19.05000	80.804	-59.057	126.155
1907	19.06000	80.733	-59.044	126.163
1908	19.07000	80.689	-59.022	126.161
1909	19.08000	80.632	-58.952	126.142
1910	19.09000	80.569	-58.925	126.117
1911	19.10000	80.523	-58.904	126.111
1912	19.11000	80.496	-58.883	126.104
1913	19.12000	80.458	-58.898	126.112
1914	19.13000	80.460	-58.836	126.105
1915	19.14000	80.436	-58.862	126.102
1916	19.15000	80.420	-58.874	126.112
1917	19.16000	80.438	-58.840	126.102
1918	19.17000	80.449	-58.855	126.104
1919	19.18000	80.486	-58.840	126.101
1920	19.19000	80.504	-58.829	126.098
1921	19.20000	80.547	-58.888	126.134
1922	19.21000	80.564	-58.889	126.118
1923	19.22000	80.633	-58.929	126.146
1924	19.23000	80.696	-58.940	126.138
1925	19.24000	80.762	-58.975	126.135
1926	19.25000	80.819	-58.977	126.141
1927	19.26000	80.888	-59.013	126.141
1928	19.27000	80.969	-59.029	126.142
1929	19.28000	81.080	-59.046	126.141
1930	19.29000	81.214	-59.148	126.182
1931	19.30000	81.290	-59.097	126.132
1932	19.31000	81.438	-59.204	126.165
1933	19.32000	81.553	-59.155	126.119
1934	19.33000	81.667	-59.178	126.119
1935	19.34000	81.875	-59.250	126.125
1936	19.35000	82.035	-59.318	126.124
1937	19.36000	82.174	-59.271	126.078
1938	19.37000	82.379	-59.359	126.106
1939	19.38000	82.512	-59.423	126.109
1940	19.39000	82.673	-59.468	126.100
1941	19.40000	82.861	-59.484	126.097
1942	19.41000	83.011	-59.525	126.096
1943	19.42000	83.203	-59.599	126.099
1944	19.43000	83.363	-59.632	126.104
1945	19.44000	83.533	-59.727	126.088
1946	19.45000	83.743	-59.761	126.100
1947	19.46000	83.923	-59.824	126.109
1948	19.47000	84.127	-59.850	126.127
1949	19.48000	84.334	-59.935	126.127
1950	19.49000	84.550	-59.955	126.121
1951	19.50000	84.818	-60.011	126.095
1952	19.51000	85.045	-60.052	126.080
1953	19.52000	85.280	-60.102	126.059
1954	19.53000	85.559	-60.183	126.092
1955	19.54000	85.801	-60.236	126.082
1956	19.55000	86.123	-60.351	126.100
1957	19.56000	86.343	-60.447	126.102
1958	19.57000	86.627	-60.509	126.105
1959	19.58000	86.803	-60.618	126.096
1960	19.59000	87.064	-60.678	126.098
1961	19.60000	87.355	-60.749	126.094
1962	19.61000	87.613	-60.814	126.075
1963	19.62000	87.894	-60.864	126.064
1964	19.63000	88.177	-60.932	126.052
1965	19.64000	88.488	-61.022	126.047
1966	19.65000	88.807	-61.052	126.050
1967	19.66000	89.032	-61.116	126.055
1968	19.67000	89.318	-61.181	126.050
1969	19.68000	89.609	-61.241	126.045
1970	19.69000	89.875	-61.400	126.068
1971	19.70000	90.126	-61.503	126.079
1972	19.71000	90.445	-61.597	126.075
1973	19.72000	90.772	-61.773	126.107
1974	19.73000	91.121	-61.839	126.082
1975	19.74000	91.417	-61.909	126.066
1976	19.75000	91.745	-61.990	126.056
1977	19.76000	92.065	-62.034	126.035
1978	19.77000	92.340	-62.118	126.046
1979	19.78000	92.666	-62.187	126.041
1980	19.79000	92.875	-62.339	126.057
1981	19.80000	93.189	-62.362	126.079
1982	19.81000	93.485	-62.450	126.063
1983	19.82000	93.819	-62.506	126.056
1984	19.83000	94.103	-62.606	126.038
1985	19.84000	94.469	-62.691	126.054
1986	19.85000	94.768	-62.780	126.050
1987	19.86000	95.113	-62.931	126.082
1988	19.87000	95.430	-63.027	126.090
1989	19.88000	95.726	-63.087	126.077
1990	19.89000	95.959	-63.221	126.070
1991	19.90000	96.292	-63.278	126.060
1992	19.91000	96.588	-63.378	126.065
1993	19.92000	96.861	-63.464	126.061
1994	19.93000	97.168	-63.551	126.060
1995	19.94000	97.482	-63.646	126.102
1996	19.95000	97.805	-63.712	126.086
1997	19.96000	98.128	-63.862	126.118
1998	19.97000	98.379	-63.923	126.095
1999	19.98000	98.750	-64.052	126.150
2000	19.99000	99.058	-64.066	126.133
2001	20.00000	99.302	-64.155	126.126
2002	20.01000	99.513	-64.218	126.105
2003	20.02000	99.744	-64.278	126.109
2004	20.03000	100.011	-64.358	126.119
2005	20.04000	100.279	-64.427	126.105
2006	20.05000	100.531	-64.461	126.093
2007	20.06000	100.796	-64.534	126.079
2008	20.07000	101.126	-64.547	126.050
2009	20.08000	101.359	-64.620	126.052
2010	20.09000	101.604	-64.719	126.094
2011	20.10000	101.833	-64.727	126.093
2012	20.11000	102.083	-64.778	126.087
2013	20.12000	102.246	-64.904	126.116
2014	20.13000	102.468	-64.944	126.106
2015	20.14000	102.699	-64.977	126.102
2016	20.15000	102.947	-65.095	126.139
2017	20.16000	103.154	-65.152	126.136
2018	20.17000	103.361	-65.170	126.122
2019	20.18000	103.538	-65.228	126.127
2020	20.19000	103.754	-65.261	126.124
2021	20.20000	103.935	-65.309	126.116
2022	20.21000	104.157	-65.384	126.112
2023	20.22000	104.394	-65.420	126.088
2024	20.23000	104.559	-65.445	126.077
2025	20.24000	104.764	-65.456	126.074
2026	20.25000	104.871	-65.538	126.089
2027	20.26000	105.066	-65.563	126.077
2028	20.27000	105.210	-65.603	126.088
2029	20.28000	105.351	-65.623	126.092
2030	20.29000	105.495	-65.656	126.101
2031	20.30000	105.586	-65.733	126.101
2032	20.31000	105.712	-65.776	126.109
2033	20.32000	105.817	-65.789	126.105
2034	20.33000	105.903	-65.846	126.112
2035	20.34000	106.025	-65.848	126.102
2036	20.35000	106.137	-65.858	126.105
2037	20.36000	106.185	-65.905	126.123
2038	20.37000	106.255	-65.904	126.117
2039	20.38000	106.359	-65.899	126.118
2040	20.39000	106.419	-65.940	126.123
2041	20.40000	106.507	-65.953	126.108
2042	20.41000	106.588	-65.996	126.125
2043	20.42000	106.594	-65.970	126.112
2044	20.43000	106.651	-65.964	126.106
2045	20.44000	106.689	-66.030	126.121
2046	20.45000	106.720	-65.991	126.109
2047	20.46000	106.847	-66.085	126.160
2048	20.47000	106.781	-66.031	126.141
2049	20.48000	106.820	-66.079	126.183
2050	20.49000	106.822	-66.109	126.177
2051	20.50000	106.789	-66.045	126.151
2052	20.51000	106.781	-66.031	126.149
2053	20.52000	106.826	-66.087	126.177
2054	20.53000	106.790	-66.079	126.176
2055	20.54000	106.752	-66.093	126.176
2056	20.55000	106.685	-65.998	126.150
2057	20.56000	106.634	-65.974	126.112
2058	20.57000	106.572	-65.972	126.113
2059	20.58000	106.560	-65.973	126.118
2060	20.59000	106.449	-65.941	126.111
2061	20.60000	106.412	-65.903	126.117
2062	20.61000	106.324	-65.909	126.113
2063	20.62000	106.233	-65.867	126.119
2064	20.63000	106.166	-65.858	126.108
2065	20.64000	106.073	-65.838	126.110
2066	20.65000	105.962	-65.829	126.108
2067	20.66000	105.911	-65.757	126.123
2068	20.67000	105.776	-65.767	126.106
2069	20.68000	105.631	-65.745	126.102
2070	20.69000	105.513	-65.698	126.097
2071	20.70000	105.478	-65.616	126.087
2072	20.71000	105.323	-65.601	126.081
2073	20.72000	105.158	-65.565	126.075
2074	20.73000	104.988	-65.521	126.076
2075	20.74000	104.837	-65.497	126.075
2076	20.75000	104.662	-65.468	126.090
2077	20.76000	104.480	-65.425	126.083
2078	20.77000	104.264	-65.425	126.135
2079	20.78000	104.052	-65.337	126.118
2080	20.79000	103.884	-65.294	126.122
2081	20.80000	103.673	-65.263	126.130
2082	20.81000	103.453	-65.200	126.140
2083	20.82000	103.293	-65.155	126.121
2084	20.83000	103.104	-65.133	126.141
2085	20.84000	102.879	-65.012	126.103
2086	20.85000	102.682	-64.947	126.105
2087	20.86000	102.451	-64.903	126.111
2088	20.87000	102.218	-64.866	126.061
2089	20.88000	102.066	-64.766	126.074
2090	20.89000	101.809	-64.741	126.096
2091	20.90000	101.577	-64.663	126.073
2092	20.91000	101.366	-64.599	126.064
2093	20.92000	101.054	-64.582	126.084
2094	20.93000	100.796	-64.511	126.094
2095	20.94000	100.554	-64.464	126.100
2096	20.95000	100.310	-64.399	126.092
2097	20.96000	100.041	-64.358	126.119
2098	20.97000	99.789	-64.278	126.108
2099	20.98000	99.526	-64.206	126.110
2100	20.99000	99.307	-64.168	126.113
2101	21.00000	99.043	-64.118	126.123
2102	21.01000	98.796	-63.968	126.096
2103	21.02000	98.533	-63.907	126.104
2104	21.03000	98.255	-63.853	126.098
2105	21.04000	97.996	-63.704	126.049
2106	21.05000	97.633	-63.652	126.080
2107	21.06000	97.359	-63.564	126.099
2108	21.07000	97.053	-63.518	126.092
2109	21.08000	96.785	-63.412	126.066
2110	21.09000	96.466	-63.354	126.080
2111	21.10000	96.161	-63.268	126.073
2112	21.11000	95.924	-63.184	126.065
2113	21.12000	95.628	-63.073	126.050
2114	21.13000	95.394	-62.979	126.075
2115	21.14000	95.110	-62.913	126.071
2116	21.15000	94.784	-62.830	126.093
2117	21.16000	94.490	-62.760	126.100
2118	21.17000	94.133	-62.622	126.086
2119	21.18000	93.843	-62.532	126.060
2120	21.19000	93.516	-62.461	126.072
2121	21.20000	93.239	-62.398	126.088
2122	21.21000	92.996	-62.348	126.082
2123	21.22000	92.797	-62.246	126.090
2124	21.23000	92.491	-62.168	126.050
2125	21.24000	92.252	-62.034	126.030
2126	21.25000	91.942	-61.982	126.045
2127	21.26000	91.702	-61.928	126.038
2128	21.27000	91.372	-61.846	126.061
2129	21.28000	91.016	-61.779	126.067
2130	21.29000	90.765	-61.681	126.069
2131	21.30000	90.495	-61.616	126.077
2132	21.31000	90.196	-61.489	126.071
2133	21.32000	89.955	-61.418	126.073
2134	21.33000	89.765	-61.268	126.080
2135	21.34000	89.498	-61.155	126.037
2136	21.35000	89.224	-61.141	126.054
2137	21.36000	88.993	-61.073	126.053
2138	21.37000	88.766	-61.048	126.051
2139	21.38000	88.479	-60.997	126.043
2140	21.39000	88.203	-60.954	126.051
2141	21.40000	87.947	-60.906	126.070
2142	21.41000	87.713	-60.827	126.078
2143	21.42000	87.463	-60.770	126.091
2144	21.43000	87.243	-60.691	126.084
2145	21.44000	87.032	-60.649	126.094
2146	21.45000	86.809	-60.586	126.097
2147	21.46000	86.603	-60.557	126.110
2148	21.47000	86.432	-60.456	126.113
2149	21.48000	86.226	-60.393	126.108
2150	21.49000	85.978	-60.361	126.129
2151	21.50000	85.760	-60.233	126.087
2152	21.51000	85.577	-60.150	126.089
2153	21.52000	85.386	-60.127	126.091
2154	21.53000	85.164	-60.066	126.068
2155	21.54000	84.962	-60.045	126.089
2156	21.55000	84.787	-59.999	126.106
2157	21.56000	84.600	-59.961	126.109
2158	21.57000	84.451	-59.920	126.110
2159	21.58000	84.297	-59.916	126.118
2160	21.59000	84.089	-59.882	126.133
2161	21.60000	83.985	-59.840	126.125
2162	21.61000	83.856	-59.778	126.088
2163	21.62000	83.760	-59.715	126.107
2164	21.63000	83.544	-59.759	126.101
2165	21.64000	83.421	-59.710	126.104
2166	21.65000	83.361	-59.643	126.102
2167	21.66000	83.286	-59.611	126.103
2168	21.67000	83.178	-59.584	126.105
2169	21.68000	83.071	-59.575	126.099
2170	21.69000	82.985	-59.533	126.106
2171	21.70000	82.882	-59.519	126.103
2172	21.71000	82.802	-59.503	126.099
2173	21.72000	82.727	-59.493	126.111
2174	21.73000	82.669	-59.461	126.107
2175	21.74000	82.586	-59.455	126.105
2176	21.75000	82.553	-59.438	126.106
2177	21.76000	82.461	-59.457	126.112
2178	21.77000	82.435	-59.425	126.100
2179	21.78000	82.413	-59.428	126.109
2180	21.79000	82.385	-59.407	126.098
2181	21.80000	82.332	-59.422	126.114
2182	21.81000	82.325	-59.397	126.106
2183	21.82000	82.290	-59.419	126.123
2184	21.83000	82.284	-59.422	126.123
2185	21.84000	82.302	-59.412	126.110
2186	21.85000	82.311	-59.415	126.110
2187	21.86000	82.271	-59.385	126.094
2188	21.87000	82.362	-59.433	126.108
2189	21.88000	82.383	-59.457	126.111
2190	21.89000	82.382	-59.469	126.117
2191	21.90000	82.443	-59.467	126.107
2192	21.91000	82.457	-59.489	126.118
2193	21.92000	82.567	-59.477	126.094
2194	21.93000	82.598	-59.527	126.113
2195	21.94000	82.658	-59.537	126.109
2196	21.95000	82.738	-59.565	126.115
2197	21.96000	82.808	-59.567	126.110
2198	21.97000	82.878	-59.603	126.121
2199	21.98000	82.977	-59.650	126.115
2200	21.99000	83.075	-59.662	126.114
2201	22.00000	83.167	-59.683	126.115
2202	22.01000	83.270	-59.714	126.113
2203	22.02000	83.388	-59.727	126.116
2204	22.03000	83.472	-59.837	126.102
2205	22.04000	83.590	-59.850	126.108
2206	22.05000	83.692	-59.891	126.108
2207	22.06000	83.835	-59.919	126.109
2208	22.07000	83.993	-59.947	126.113
2209	22.08000	84.111	-59.987	126.132
2210	22.09000	84.280	-60.007	126.126
2211	22.10000	84.423	-60.047	126.125
2212	22.11000	84.593	-60.096	126.132
2213	22.12000	84.785	-60.102	126.108
2214	22.13000	84.958	-60.141	126.098
2215	22.14000	85.141	-60.205	126.123
2216	22.15000	85.355	-60.236	126.114
2217	22.16000	85.541	-60.257	126.105
2218	22.17000	85.732	-60.309	126.097
2219	22.18000	85.978	-60.424	126.117
2220	22.19000	86.185	-60.498	126.124
2221	22.20000	86.348	-60.540	126.126
2222	22.21000	86.526	-60.627	126.113
2223	22.22000	86.743	-60.677	126.100
2224	22.23000	86.957	-60.736	126.119
2225	22.24000	87.137	-60.779	126.102
2226	22.25000	87.379	-60.843	126.114
2227	22.26000	87.592	-60.886	126.103
2228	22.27000	87.863	-60.922	126.071
2229	22.28000	88.091	-60.975	126.074
2230	22.29000	88.345	-61.033	126.068
2231	22.30000	88.635	-61.076	126.048
2232	22.31000	88.876	-61.106	126.050
2233	22.32000	89.115	-61.152	126.059
2234	22.33000	89.326	-61.195	126.064
2235	22.34000	89.594	-61.230	126.047
2236	22.35000	89.787	-61.385	126.080
2237	22.36000	90.028	-61.479	126.082
2238	22.37000	90.290	-61.586	126.093
2239	22.38000	90.553	-61.625	126.084
2240	22.39000	90.850	-61.790	126.116
2241	22.40000	91.131	-61.820	126.090
2242	22.41000	91.395	-61.872	126.076
2243	22.42000	91.642	-61.951	126.079
2244	22.43000	91.952	-61.986	126.045
2245	22.44000	92.233	-62.044	126.036
2246	22.45000	92.506	-62.100	126.034
2247	22.46000	92.748	-62.212	126.058
2248	22.47000	92.982	-62.292	126.073
2249	22.48000	93.200	-62.343	126.083
2250	22.49000	93.456	-62.387	126.076
2251	22.50000	93.727	-62.443	126.059
2252	22.51000	93.984	-62.498	126.062
2253	22.52000	94.399	-62.657	126.093
2254	22.53000	94.632	-62.694	126.058
2255	22.54000	94.866	-62.753	126.066
2256	22.55000	95.226	-62.847	126.064
2257	22.56000	95.453	-62.956	126.050
2258	22.57000	95.677	-63.063	126.062
2259	22.58000	95.979	-63.062	126.069
2260	22.59000	96.201	-63.186	126.065
2261	22.60000	96.477	-63.278	126.062
2262	22.61000	96.754	-63.320	126.062
2263	22.62000	97.017	-63.374	126.060
2264	22.63000	97.270	-63.491	126.093
2265	22.64000	97.518	-63.533	126.086
2266	22.65000	97.792	-63.620	126.078
2267	22.66000	98.076	-63.687	126.105
2268	22.67000	98.361	-63.836	126.104
2269	22.68000	98.572	-63.841	126.107
2270	22.69000	98.884	-63.977	126.126
2271	22.70000	99.130	-63.997	126.126
2272	22.71000	99.276	-64.098	126.113
2273	22.72000	99.485	-64.133	126.102
2274	22.73000	99.737	-64.212	126.113
2275	22.74000	99.917	-64.287	126.113
2276	22.75000	100.094	-64.332	126.124
2277	22.76000	100.387	-64.370	126.108
2278	22.77000	100.563	-64.438	126.103
2279	22.78000	100.841	-64.466	126.070
2280	22.79000	101.032	-64.516	126.070
2281	22.80000	101.270	-64.557	126.051
2282	22.81000	101.481	-64.604	126.054
2283	22.82000	101.656	-64.676	126.089
2284	22.83000	101.886	-64.731	126.081
2285	22.84000	102.045	-64.769	126.087
2286	22.85000	102.182	-64.829	126.074
2287	22.86000	102.341	-64.894	126.108
2288	22.87000	102.514	-64.933	126.107
2289	22.88000	102.705	-64.944	126.096
2290	22.89000	102.842	-65.026	126.107
2291	22.90000	103.048	-65.100	126.137
2292	22.91000	103.190	-65.138	126.132
2293	22.92000	103.337	-65.166	126.130
2294	22.93000	103.453	-65.212	126.127
2295	22.94000	103.612	-65.223	126.109
2296	22.95000	103.756	-65.262	126.112
2297	22.96000	103.903	-65.291	126.102
2298	22.97000	104.017	-65.330	126.094
2299	22.98000	104.127	-65.390	126.110
2300	22.99000	104.279	-65.415	126.102
2301	23.00000	104.395	-65.438	126.084
2302	23.01000	104.518	-65.480	126.080
2303	23.02000	104.595	-65.482	126.079
2304	23.03000	104.697	-65.510	126.073
2305	23.04000	104.796	-65.526	126.070
2306	23.05000	104.895	-65.554	126.068
2307	23.06000	104.941	-65.555	126.071
2308	23.07000	105.023	-65.581	126.081
2309	23.08000	105.069	-65.593	126.082
2310	23.09000	105.117	-65.612	126.080
2311	23.10000	105.176	-65.624	126.081
2312	23.11000	105.248	-65.629	126.076
2313	23.12000	105.251	-65.636	126.081
2314	23.13000	105.294	-65.659	126.092
2315	23.14000	105.305	-65.674	126.090
2316	23.15000	105.333	-65.645	126.084
2317	23.16000	105.353	-65.636	126.075
2318	23.17000	105.359	-65.643	126.095
2319	23.18000	105.373	-65.655	126.100
2320	23.19000	105.381	-65.636	126.074
2321	23.20000	105.366	-65.624	126.080
2322	23.21000	105.331	-65.627	126.081
2323	23.22000	105.327	-65.609	126.067
2324	23.23000	105.247	-65.629	126.080
2325	23.24000	105.240	-65.603	126.079
2326	23.25000	105.202	-65.588	126.070
2327	23.26000	105.131	-65.594	126.081
2328	23.27000	105.105	-65.550	126.070
2329	23.28000	105.037	-65.523	126.075
2330	23.29000	104.967	-65.507	126.066
2331	23.30000	104.915	-65.481	126.055
2332	23.31000	104.822	-65.479	126.072
2333	23.32000	104.746	-65.438	126.063
2334	23.33000	104.669	-65.407	126.064
2335	23.34000	104.543	-65.415	126.072
2336	23.35000	104.468	-65.380	126.068
2337	23.36000	104.320	-65.390	126.105
2338	23.37000	104.171	-65.332	126.098
2339	23.38000	104.098	-65.304	126.091
2340	23.39000	103.938	-65.241	126.092
2341	23.40000	103.802	-65.234	126.114
2342	23.41000	103.689	-65.184	126.112
2343	23.42000	103.535	-65.141	126.108
2344	23.43000	103.399	-65.116	126.119
2345	23.44000	103.268	-65.070	126.122
2346	23.45000	103.126	-65.050	126.130
2347	23.46000	102.923	-64.954	126.096
2348	23.47000	102.810	-64.888	126.076
2349	23.48000	102.613	-64.851	126.086
2350	23.49000	102.456	-64.842	126.088
2351	23.50000	102.349	-64.738	126.066
2352	23.51000	102.148	-64.694	126.075
2353	23.52000	101.999	-64.660	126.061
2354	23.53000	101.818	-64.607	126.065
2355	23.54000	101.626	-64.585	126.054
2356	23.55000	101.430	-64.487	126.031
2357	23.56000	101.218	-64.469	126.026
2358	23.57000	101.016	-64.425	126.047
2359	23.58000	100.768	-64.409	126.070
2360	23.59000	100.548	-64.358	126.074
2361	23.60000	100.314	-64.325	126.090
2362	23.61000	100.097	-64.271	126.091
2363	23.62000	99.908	-64.243	126.106
2364	23.63000	99.693	-64.173	126.103
2365	23.64000	99.531	-64.059	126.103
2366	23.65000	99.270	-64.073	126.105
2367	23.66000	99.126	-64.001	126.116
2368	23.67000	98.888	-63.944	126.120
2369	23.68000	98.637	-63.821	126.086
2370	23.69000	98.424	-63.853	126.128
2371	23.70000	98.130	-63.685	126.080
2372	23.71000	97.854	-63.661	126.068
2373	23.72000	97.575	-63.578	126.073
2374	23.73000	97.350	-63.510	126.086
2375	23.74000	97.062	-63.459	126.074
2376	23.75000	96.837	-63.369	126.053
2377	23.76000	96.549	-63.323	126.068
2378	23.77000	96.313	-63.234	126.067
2379	23.78000	96.054	-63.199	126.068
2380	23.79000	95.898	-63.066	126.064
2381	23.80000	95.641	-63.003	126.068
2382	23.81000	95.362	-62.950	126.074
2383	23.82000	95.117	-62.898	126.076
2384	23.83000	94.798	-62.756	126.060
2385	23.84000	94.533	-62.698	126.050
2386	23.85000	94.285	-62.644	126.078
2387	23.86000	93.989	-62.558	126.052
2388	23.87000	93.724	-62.499	126.061
2389	23.88000	93.478	-62.465	126.066
2390	23.89000	93.212	-62.434	126.080
2391	23.90000	92.977	-62.365	126.070
2392	23.91000	92.758	-62.306	126.063
2393	23.92000	92.561	-62.194	126.049
2394	23.93000	92.279	-62.136	126.047
2395	23.94000	92.041	-62.088	126.060
2396	23.95000	91.815	-62.033	126.061
2397	23.96000	91.543	-61.990	126.061
2398	23.97000	91.284	-61.922	126.095
2399	23.98000	91.059	-61.868	126.092
2400	23.99000	90.807	-61.821	126.103
2401	24.00000	90.496	-61.713	126.093
2402	24.01000	90.312	-61.623	126.083
2403	24.02000	90.036	-61.533	126.091
2404	24.03000	89.855	-61.462	126.072
2405	24.04000	89.607	-61.393	126.090
2406	24.05000	89.430	-61.267	126.054
2407	24.06000	89.215	-61.217	126.064
2408	24.07000	89.016	-61.168	126.061
2409	24.08000	88.796	-61.150	126.064
2410	24.09000	88.571	-61.110	126.044
2411	24.10000	88.363	-61.080	126.064
2412	24.11000	88.123	-61.004	126.070
2413	24.12000	87.939	-60.967	126.057
2414	24.13000	87.695	-60.901	126.084
2415	24.14000	87.506	-60.872	126.103
2416	24.15000	87.342	-60.819	126.091
2417	24.16000	87.146	-60.765	126.092
2418	24.17000	86.978	-60.704	126.098
2419	24.18000	86.767	-60.691	126.117
2420	24.19000	86.641	-60.634	126.114
2421	24.20000	86.443	-60.614	126.125
2422	24.21000	86.322	-60.536	126.134
2423	24.22000	86.119	-60.407	126.098
2424	24.23000	86.022	-60.423	126.131
2425	24.24000	85.817	-60.316	126.091
2426	24.25000	85.710	-60.339	126.129
2427	24.26000	85.539	-60.245	126.103
2428	24.27000	85.403	-60.196	126.095
2429	24.28000	85.269	-60.154	126.103
2430	24.29000	85.068	-60.129	126.085
2431	24.30000	84.983	-60.093	126.097
2432	24.31000	84.837	-60.086	126.108
2433	24.32000	84.743	-60.041	126.107
2434	24.33000	84.608	-60.027	126.112
2435	24.34000	84.465	-59.998	126.131
2436	24.35000	84.394	-59.945	126.131
2437	24.36000	84.310	-59.921	126.118
2438	24.37000	84.249	-59.934	126.111
2439	24.38000	84.127	-59.942	126.139
2440	24.39000	84.102	-59.899	126.124
2441	24.40000	83.983	-59.879	126.124
2442	24.41000	83.920	-59.858	126.103
2443	24.42000	83.860	-59.854	126.116
2444	24.43000	83.804	-59.811	126.106
2445	24.44000	83.771	-59.793	126.104
2446	24.45000	83.732	-59.797	126.102
2447	24.46000	83.692	-59.765	126.102
2448	24.47000	83.692	-59.772	126.095
2449	24.48000	83.626	-59.765	126.108
2450	24.49000	83.656	-59.748	126.092
2451	24.50000	83.599	-59.744	126.105
2452	24.51000	83.594	-59.765	126.109
2453	24.52000	83.581	-59.755	126.111
2454	24.53000	83.614	-59.744	126.104
2455	24.54000	83.620	-59.740	126.092
2456	24.55000	83.641	-59.748	126.100
2457	24.56000	83.634	-59.762	126.107
2458	24.57000	83.661	-59.783	126.102
2459	24.58000	83.684	-59.769	126.103
2460	24.59000	83.735	-59.775	126.099
2461	24.60000	83.825	-59.800	126.119
2462	24.61000	83.830	-59.814	126.102
2463	24.62000	83.908	-59.836	126.112
2464	24.63000	83.890	-59.835	126.120
2465	24.64000	84.033	-59.875	126.111
2466	24.65000	84.067	-59.915	126.132
2467	24.66000	84.176	-59.903	126.111
2468	24.67000	84.219	-59.917	126.128
2469	24.68000	84.329	-59.939	126.124
2470	24.69000	84.389	-59.949	126.128
2471	24.70000	84.489	-59.984	126.124
2472	24.71000	84.624	-60.004	126.119
2473	24.72000	84.695	-60.041	126.108
2474	24.73000	84.854	-60.069	126.093
2475	24.74000	84.943	-60.118	126.102
2476	24.75000	85.095	-60.110	126.093
2477	24.76000	85.219	-60.137	126.086
2478	24.77000	85.403	-60.196	126.102
2479	24.78000	85.516	-60.242	126.103
2480	24.79000	85.675	-60.265	126.099
2481	24.80000	85.873	-60.364	126.125
2482	24.81000	85.997	-60.442	126.135
2483	24.82000	86.148	-60.473	126.128
2484	24.83000	86.325	-60.497	126.119
2485	24.84000	86.423	-60.595	126.122
2486	24.85000	86.593	-60.656	126.124
2487	24.86000	86.756	-60.698	126.118
2488	24.87000	86.903	-60.722	126.118
2489	24.88000	87.070	-60.754	126.107
2490	24.89000	87.302	-60.804	126.098
2491	24.90000	87.465	-60.868	126.100
2492	24.91000	87.666	-60.919	126.088
2493	24.92000	87.884	-60.929	126.064
2494	24.93000	88.120	-60.969	126.052
2495	24.94000	88.283	-61.034	126.051
2496	24.95000	88.494	-61.076	126.060
2497	24.96000	88.722	-61.118	126.068
2498	24.97000	88.911	-61.175	126.073
2499	24.98000	89.124	-61.190	126.057
2500	24.99000	89.300	-61.242	126.065
2501	25.00000	89.522	-61.324	126.038
2502	25.01000	89.775	-61.369	126.089
2503	25.02000	89.932	-61.461	126.073
2504	25.03000	90.144	-61.573	126.083
2505	25.04000	90.348	-61.659	126.088
2506	25.05000	90.577	-61.720	126.085
2507	25.06000	90.888	-61.839	126.100
2508	25.07000	91.097	-61.893	126.092
2509	25.08000	91.367	-61.930	126.079
2510	25.09000	91.613	-61.964	126.059
2511	25.10000	91.863	-62.005	126.036
2512	25.11000	92.094	-62.056	126.038
2513	25.12000	92.319	-62.122	126.047
2514	25.13000	92.560	-62.165	126.051
2515	25.14000	92.788	-62.267	126.059
2516	25.15000	92.973	-62.368	126.075
2517	25.16000	93.167	-62.394	126.089
2518	25.17000	93.386	-62.413	126.071
2519	25.18000	93.697	-62.455	126.054
2520	25.19000	93.907	-62.510	126.043
2521	25.20000	94.163	-62.604	126.071
2522	25.21000	94.412	-62.646	126.052
2523	25.22000	94.689	-62.710	126.044
2524	25.23000	94.967	-62.836	126.081
2525	25.24000	95.223	-62.920	126.073
2526	25.25000	95.468	-62.961	126.074
2527	25.26000	95.695	-63.018	126.066
2528	25.27000	95.878	-63.105	126.045
2529	25.28000	96.096	-63.192	126.058
2530	25.29000	96.324	-63.227	126.058
2531	25.30000	96.546	-63.293	126.052
2532	25.31000	96.756	-63.378	126.064
2533	25.32000	97.031	-63.396	126.048
2534	25.33000	97.242	-63.486	126.081
2535	25.34000	97.501	-63.533	126.071
2536	25.35000	97.686	-63.598	126.065
2537	25.36000	97.980	-63.595	126.045
2538	25.37000	98.224	-63.744	126.088
2539	25.38000	98.430	-63.805	126.093
2540	25.39000	98.633	-63.853	126.092
2541	25.40000	98.831	-63.906	126.092
2542	25.41000	99.091	-63.993	126.119
2543	25.42000	99.272	-64.017	126.111
2544	25.43000	99.476	-64.055	126.104
2545	25.44000	99.572	-64.149	126.103
2546	25.45000	99.791	-64.176	126.094
2547	25.46000	99.957	-64.245	126.105
2548	25.47000	100.142	-64.293	126.097
2549	25.48000	100.339	-64.301	126.085
2550	25.49000	100.513	-64.361	126.091
2551	25.50000	100.683	-64.393	126.077
2552	25.51000	100.866	-64.446	126.077
2553	25.52000	101.037	-64.489	126.073
2554	25.53000	101.239	-64.493	126.053
2555	25.54000	101.416	-64.534	126.032
2556	25.55000	101.617	-64.570	126.048
2557	25.56000	101.739	-64.634	126.060
2558	25.57000	101.905	-64.641	126.057
2559	25.58000	102.029	-64.701	126.064
2560	25.59000	102.127	-64.727	126.070
2561	25.60000	102.244	-64.726	126.074
2562	25.61000	102.354	-64.792	126.060
2563	25.62000	102.497	-64.846	126.092
2564	25.63000	102.590	-64.877	126.087
2565	25.64000	102.751	-64.905	126.088
2566	25.65000	102.843	-64.918	126.088
2567	25.66000	102.981	-65.033	126.131
2568	25.67000	103.084	-65.056	126.129
2569	25.68000	103.184	-65.072	126.121
2570	25.69000	103.246	-65.114	126.127
2571	25.70000	103.338	-65.115	126.117
2572	25.71000	103.385	-65.145	126.125
2573	25.72000	103.485	-65.161	126.117
2574	25.73000	103.557	-65.167	126.112
2575	25.74000	103.631	-65.201	126.120
2576	25.75000	103.711	-65.210	126.112
2577	25.76000	103.753	-65.215	126.104
2578	25.77000	103.811	-65.237	126.110
2579	25.78000	103.836	-65.253	126.105
2580	25.79000	103.866	-65.282	126.121
2581	25.80000	103.931	-65.273	126.110
2582	25.81000	103.978	-65.274	126.089
2583	25.82000	104.001	-65.278	126.097
2584	25.83000	104.045	-65.312	126.087
2585	25.84000	104.044	-65.295	126.076
2586	25.85000	104.054	-65.298	126.095
2587	25.86000	104.019	-65.347	126.120
2588	25.87000	103.995	-65.344	126.109
2589	25.88000	104.056	-65.316	126.091
2590	25.89000	104.003	-65.307	126.110
2591	25.90000	104.003	-65.318	126.104
2592	25.91000	103.973	-65.306	126.111
2593	25.92000	103.956	-65.288	126.104
2594	25.93000	103.934	-65.292	126.094
2595	25.94000	103.857	-65.278	126.113
2596	25.95000	103.784	-65.284	126.131
2597	25.96000	103.781	-65.266	126.112
2598	25.97000	103.715	-65.257	126.113
2599	25.98000	103.671	-65.217	126.110
2600	25.99000	103.558	-65.225	126.119
2601	26.00000	103.509	-65.217	126.126
2602	26.01000	103.446	-65.186	126.123
2603	26.02000	103.365	-65.178	126.123
2604	26.03000	103.288	-65.148	126.124
2605	26.04000	103.192	-65.138	126.136
2606	26.05000	103.091	-65.122	126.136
2607	26.06000	103.054	-65.096	126.129
2608	26.07000	102.938	-65.091	126.135
2609	26.08000	102.785	-64.981	126.112
2610	26.09000	102.668	-64.947	126.097
2611	26.10000	102.551	-64.919	126.092
2612	26.11000	102.415	-64.906	126.112
2613	26.12000	102.343	-64.849	126.127
2614	26.13000	102.177	-64.843	126.081
2615	26.14000	102.086	-64.774	126.079
2616	26.15000	101.957	-64.747	126.078
2617	26.16000	101.833	-64.705	126.077
2618	26.17000	101.619	-64.725	126.079
2619	26.18000	101.544	-64.627	126.079
2620	26.19000	101.384	-64.577	126.067
2621	26.20000	101.199	-64.541	126.054
2622	26.21000	100.995	-64.531	126.062
2623	26.22000	100.838	-64.476	126.068
2624	26.23000	100.660	-64.447	126.098
2625	26.24000	100.487	-64.415	126.094
2626	26.25000	100.289	-64.361	126.105
2627	26.26000	100.128	-64.322	126.110
2628	26.27000	99.925	-64.302	126.116
2629	26.28000	99.759	-64.227	126.107
2630	26.29000	99.579	-64.180	126.116
2631	26.30000	99.410	-64.150	126.107
2632	26.31000	99.220	-64.083	126.116
2633	26.32000	99.098	-63.990	126.118
2634	26.33000	98.905	-63.962	126.134
2635	26.34000	98.671	-63.839	126.092
2636	26.35000	98.446	-63.833	126.101
2637	26.36000	98.264	-63.736	126.085
2638	26.37000	97.960	-63.684	126.088
2639	26.38000	97.776	-63.620	126.075
2640	26.39000	97.568	-63.541	126.074
2641	26.40000	97.339	-63.506	126.090
2642	26.41000	97.052	-63.454	126.104
2643	26.42000	96.867	-63.368	126.075
2644	26.43000	96.634	-63.337	126.080
2645	26.44000	96.430	-63.237	126.068
2646	26.45000	96.206	-63.171	126.055
2647	26.46000	96.018	-63.123	126.056
2648	26.47000	95.757	-63.082	126.059
2649	26.48000	95.613	-62.970	126.063
2650	26.49000	95.378	-62.939	126.080
2651	26.50000	95.152	-62.865	126.077
2652	26.51000	94.913	-62.798	126.080
2653	26.52000	94.644	-62.778	126.103
2654	26.53000	94.412	-62.623	126.063
2655	26.54000	94.202	-62.624	126.104
2656	26.55000	93.923	-62.515	126.089
2657	26.56000	93.634	-62.442	126.073
2658	26.57000	93.402	-62.413	126.078
2659	26.58000	93.251	-62.357	126.077
2660	26.59000	93.017	-62.304	126.082
2661	26.60000	92.794	-62.257	126.053
2662	26.61000	92.607	-62.200	126.044
2663	26.62000	92.447	-62.106	126.041
2664	26.63000	92.156	-62.079	126.036
2665	26.64000	92.010	-61.979	126.031
2666	26.65000	91.776	-61.978	126.064
2667	26.66000	91.545	-61.915	126.075
2668	26.67000	91.308	-61.885	126.085
2669	26.68000	91.097	-61.853	126.100
2670	26.69000	90.854	-61.815	126.116
2671	26.70000	90.610	-61.681	126.081
2672	26.71000	90.428	-61.648	126.096
2673	26.72000	90.194	-61.540	126.083
2674	26.73000	90.004	-61.464	126.080
2675	26.74000	89.839	-61.393	126.076
2676	26.75000	89.688	-61.303	126.065
2677	26.76000	89.494	-61.216	126.051
2678	26.77000	89.297	-61.213	126.064
2679	26.78000	89.135	-61.148	126.062
2680	26.79000	88.940	-61.145	126.067
2681	26.80000	88.779	-61.088	126.046
2682	26.81000	88.600	-61.085	126.058
2683	26.82000	88.384	-61.048	126.051
2684	26.83000	88.223	-61.001	126.055
2685	26.84000	88.012	-60.958	126.069
2686	26.85000	87.847	-60.944	126.075
2687	26.86000	87.687	-60.886	126.081
2688	26.87000	87.513	-60.868	126.099
2689	26.88000	87.405	-60.818	126.097
2690	26.89000	87.213	-60.772	126.099
2691	26.90000	87.067	-60.736	126.104
2692	26.91000	86.969	-60.701	126.093
2693	26.92000	86.780	-60.713	126.116
2694	26.93000	86.637	-60.655	126.114
2695	26.94000	86.517	-60.624	126.109
2696	26.95000	86.430	-60.581	126.108
2697	26.96000	86.338	-60.536	126.126
2698	26.97000	86.161	-60.451	126.101
2699	26.98000	86.092	-60.470	126.125
2700	26.99000	85.937	-60.388	126.100
2701	27.00000	85.883	-60.407	126.132
2702	27.01000	85.766	-60.298	126.101
2703	27.02000	85.641	-60.299	126.094
2704	27.03000	85.586	-60.256	126.096
2705	27.04000	85.486	-60.243	126.100
2706	27.05000	85.416	-60.207	126.096
2707	27.06000	85.345	-60.204	126.101
2708	27.07000	85.243	-60.135	126.062
2709	27.08000	85.147	-60.146	126.082
2710	27.09000	85.091	-60.143	126.087
2711	27.10000	85.038	-60.118	126.088
2712	27.11000	85.002	-60.122	126.082
2713	27.12000	84.936	-60.104	126.100
2714	27.13000	84.903	-60.087	126.087
2715	27.14000	84.862	-60.084	126.095
2716	27.15000	84.820	-60.080	126.103
2717	27.16000	84.794	-60.088	126.098
2718	27.17000	84.774	-60.069	126.103
2719	27.18000	84.754	-60.062	126.106
2720	27.19000	84.747	-60.065	126.107
2721	27.20000	84.729	-60.087	126.119
2722	27.21000	84.747	-60.037	126.094
2723	27.22000	84.716	-60.077	126.114
2724	27.23000	84.731	-60.077	126.113
2725	27.24000	84.777	-60.059	126.105
2726	27.25000	84.782	-60.055	126.104
2727	27.26000	84.805	-60.069	126.110
2728	27.27000	84.820	-60.097	126.122
2729	27.28000	84.905	-60.105	126.094
2730	27.29000	84.898	-60.091	126.095
2731	27.30000	84.983	-60.093	126.089
2732	27.31000	85.024	-60.125	126.093
2733	27.32000	85.109	-60.081	126.064
2734	27.33000	85.159	-60.110	126.072
2735	27.34000	85.226	-60.150	126.111
2736	27.35000	85.318	-60.132	126.094
2737	27.36000	85.429	-60.160	126.087
2738	27.37000	85.465	-60.196	126.093
2739	27.38000	85.557	-60.206	126.088
2740	27.39000	85.650	-60.245	126.096
2741	27.40000	85.758	-60.244	126.088
2742	27.41000	85.878	-60.371	126.126
2743	27.42000	85.974	-60.377	126.117
2744	27.43000	86.104	-60.401	126.121
2745	27.44000	86.208	-60.433	126.119
2746	27.45000	86.303	-60.461	126.110
2747	27.46000	86.406	-60.527	126.103
2748	27.47000	86.565	-60.549	126.118
2749	27.48000	86.657	-60.583	126.098
2750	27.49000	86.818	-60.583	126.112
2751	27.50000	86.953	-60.626	126.116
2752	27.51000	87.010	-60.681	126.104
2753	27.52000	87.167	-60.709	126.097
2754	27.53000	87.308	-60.772	126.100
2755	27.54000	87.485	-60.796	126.083
2756	27.55000	87.605	-60.839	126.087
2757	27.56000	87.775	-60.890	126.076
2758	27.57000	87.963	-60.918	126.063
2759	27.58000	88.120	-60.946	126.052
2760	27.59000	88.291	-61.008	126.066
2761	27.60000	88.456	-61.051	126.061
2762	27.61000	88.654	-61.066	126.042
2763	27.62000	88.845	-61.088	126.063
2764	27.63000	89.018	-61.117	126.056
2765	27.64000	89.187	-61.167	126.059
2766	27.65000	89.390	-61.184	126.053
2767	27.66000	89.525	-61.256	126.054
2768	27.67000	89.741	-61.322	126.090
2769	27.68000	89.940	-61.372	126.085
2770	27.69000	90.060	-61.479	126.073
2771	27.70000	90.265	-61.555	126.072
2772	27.71000	90.463	-61.615	126.077
2773	27.72000	90.631	-61.677	126.072
2774	27.73000	90.906	-61.794	126.103
2775	27.74000	91.125	-61.847	126.075
2776	27.75000	91.337	-61.890	126.073
2777	27.76000	91.521	-61.941	126.077
2778	27.77000	91.794	-61.979	126.048
2779	27.78000	91.967	-62.037	126.046
2780	27.79000	92.221	-62.074	126.041
2781	27.80000	92.405	-62.114	126.035
2782	27.81000	92.624	-62.172	126.043
2783	27.82000	92.837	-62.245	126.054
2784	27.83000	92.964	-62.371	126.064
2785	27.84000	93.212	-62.377	126.085
2786	27.85000	93.341	-62.459	126.084
2787	27.86000	93.557	-62.465	126.064
2788	27.87000	93.814	-62.510	126.053
2789	27.88000	94.014	-62.561	126.052
2790	27.89000	94.243	-62.623	126.072
2791	27.90000	94.486	-62.708	126.061
2792	27.91000	94.734	-62.794	126.084
2793	27.92000	94.961	-62.868	126.087
2794	27.93000	95.195	-62.939	126.077
2795	27.94000	95.432	-62.976	126.069
2796	27.95000	95.625	-63.032	126.074
2797	27.96000	95.820	-63.077	126.065
2798	27.97000	95.946	-63.199	126.063
2799	27.98000	96.178	-63.229	126.058
2800	27.99000	96.364	-63.311	126.060
2801	28.00000	96.578	-63.363	126.059
2802	28.01000	96.747	-63.415	126.071
2803	28.02000	96.980	-63.458	126.053
2804	28.03000	97.144	-63.530	126.091
2805	28.04000	97.390	-63.565	126.091
2806	28.05000	97.581	-63.626	126.081
2807	28.06000	97.798	-63.640	126.074
2808	28.07000	97.987	-63.758	126.085
2809	28.08000	98.242	-63.831	126.106
2810	28.09000	98.407	-63.847	126.105
2811	28.10000	98.646	-63.978	126.144
2812	28.11000	98.809	-63.910	126.085
2813	28.12000	99.001	-64.050	126.131
2814	28.13000	99.182	-64.063	126.113
2815	28.14000	99.359	-64.090	126.117
2816	28.15000	99.489	-64.146	126.123
2817	28.16000	99.560	-64.196	126.115
2818	28.17000	99.732	-64.216	126.114
2819	28.18000	99.876	-64.272	126.108
2820	28.19000	100.044	-64.308	126.102
2821	28.20000	100.217	-64.328	126.097
2822	28.21000	100.350	-64.391	126.101
2823	28.22000	100.515	-64.397	126.086
2824	28.23000	100.654	-64.451	126.084
2825	28.24000	100.817	-64.457	126.073
2826	28.25000	100.918	-64.512	126.088
2827	28.26000	101.069	-64.520	126.062
2828	28.27000	101.229	-64.541	126.065
2829	28.28000	101.356	-64.561	126.054
2830	28.29000	101.489	-64.578	126.049
2831	28.30000	101.613	-64.642	126.080
2832	28.31000	101.707	-64.656	126.080
2833	28.32000	101.788	-64.693	126.080
2834	28.33000	101.896	-64.677	126.075
2835	28.34000	102.019	-64.707	126.081
2836	28.35000	102.111	-64.738	126.072
2837	28.36000	102.215	-64.759	126.107
2838	28.37000	102.297	-64.781	126.082
2839	28.38000	102.369	-64.803	126.077
2840	28.39000	102.407	-64.845	126.121
2841	28.40000	102.474	-64.872	126.086
2842	28.41000	102.546	-64.882	126.097
2843	28.42000	102.635	-64.842	126.119
2844	28.43000	102.651	-64.889	126.095
2845	28.44000	102.704	-64.915	126.099
2846	28.45000	102.740	-64.940	126.110
2847	28.46000	102.829	-65.020	126.140
