2	0.01000	240.825	-99.155	133.905
3	0.02000	239.477	-98.797	133.733
4	0.03000	238.061	-98.434	133.590
5	0.04000	236.704	-98.120	133.522
6	0.05000	235.255	-97.987	133.514
7	0.06000	233.875	-97.949	133.493
8	0.07000	232.460	-98.004	133.452
9	0.08000	230.994	-98.089	133.406
10	0.09000	229.384	-98.165	133.285
11	0.10000	227.886	-98.336	133.240
12	0.11000	226.210	-98.283	133.101
13	0.12000	224.654	-98.307	133.118
14	0.13000	223.016	-98.470	133.310
15	0.14000	220.915	-97.650	133.224
16	0.15000	218.445	-96.069	132.914
17	0.16000	215.702	-93.948	132.436
18	0.17000	212.781	-91.508	131.846
19	0.18000	209.776	-88.971	131.200
20	0.19000	206.784	-86.557	130.552
21	0.20000	203.898	-84.489	129.958
22	0.21000	201.215	-82.988	129.474
23	0.22000	198.830	-82.275	129.155
24	0.23000	196.837	-82.571	129.057
25	0.24000	194.774	-82.710	128.981
26	0.25000	192.611	-82.820	128.869
27	0.26000	190.543	-83.039	128.810
28	0.27000	188.364	-83.062	128.710
29	0.28000	186.012	-82.932	128.725
30	0.29000	183.663	-82.626	128.679
31	0.30000	181.041	-81.977	128.564
32	0.31000	178.452	-81.281	128.477
33	0.32000	175.872	-80.561	128.359
34	0.33000	173.151	-79.830	128.183
35	0.34000	170.524	-79.075	127.983
36	0.35000	167.812	-78.337	127.792
37	0.36000	165.217	-77.590	127.607
38	0.37000	162.460	-76.941	127.459
39	0.38000	159.842	-76.209	127.298
40	0.39000	157.140	-75.520	127.189
41	0.40000	154.400	-74.803	127.078
42	0.41000	151.694	-74.082	126.960
43	0.42000	148.906	-73.395	126.846
44	0.43000	146.285	-72.741	126.774
45	0.44000	143.516	-72.008	126.693
46	0.45000	140.789	-71.356	126.624
47	0.46000	138.080	-70.697	126.565
48	0.47000	135.437	-70.134	126.515
49	0.48000	132.740	-69.403	126.424
50	0.49000	130.007	-68.747	126.278
51	0.50000	127.323	-68.159	126.226
52	0.51000	124.682	-67.457	126.134
53	0.52000	122.036	-66.889	126.037
54	0.53000	119.370	-66.254	125.999
55	0.54000	116.679	-65.685	125.994
56	0.55000	114.032	-65.156	126.077
57	0.56000	111.418	-64.541	126.019
58	0.57000	108.960	-64.008	126.064
59	0.58000	106.313	-63.432	126.039
60	0.59000	103.742	-62.823	125.985
61	0.60000	101.313	-62.348	126.001
62	0.61000	98.785	-61.755	125.959
63	0.62000	96.238	-61.235	125.930
64	0.63000	93.875	-60.667	125.917
65	0.64000	91.371	-60.201	125.946
66	0.65000	88.963	-59.653	125.978
67	0.66000	86.645	-59.120	125.980
68	0.67000	84.226	-58.656	126.049
69	0.68000	81.991	-58.154	126.084
70	0.69000	79.641	-57.681	126.140
71	0.70000	77.397	-57.221	126.196
72	0.71000	75.185	-56.735	126.254
73	0.72000	72.910	-56.310	126.300
74	0.73000	70.755	-55.820	126.339
75	0.74000	68.663	-55.394	126.354
76	0.75000	66.502	-54.934	126.388
77	0.76000	64.494	-54.493	126.391
78	0.77000	62.376	-54.057	126.419
79	0.78000	60.397	-53.660	126.496
80	0.79000	58.395	-53.250	126.580
81	0.80000	56.505	-52.823	126.685
82	0.81000	54.563	-52.479	126.776
83	0.82000	52.696	-52.045	126.862
84	0.83000	50.917	-51.647	126.955
85	0.84000	49.160	-51.270	126.985
86	0.85000	47.404	-50.818	127.015
87	0.86000	45.650	-50.490	127.090
88	0.87000	44.050	-50.121	127.141
89	0.88000	42.365	-49.687	127.185
90	0.89000	40.791	-49.350	127.268
91	0.90000	39.283	-48.974	127.309
92	0.91000	37.720	-48.620	127.390
93	0.92000	36.284	-48.276	127.473
94	0.93000	34.871	-48.010	127.553
95	0.94000	33.503	-47.658	127.613
96	0.95000	32.077	-47.327	127.706
97	0.96000	30.853	-47.007	127.798
98	0.97000	29.589	-46.731	127.868
99	0.98000	28.390	-46.409	127.877
100	0.99000	27.227	-46.135	127.964
101	1.00000	26.119	-45.767	127.958
102	1.01000	25.028	-45.528	128.021
103	1.02000	24.009	-45.309	128.057
104	1.03000	23.055	-45.040	128.113
105	1.04000	22.037	-44.758	128.174
106	1.05000	21.127	-44.492	128.229
107	1.06000	20.257	-44.275	128.323
108	1.07000	19.432	-44.082	128.414
109	1.08000	18.685	-43.877	128.458
110	1.09000	17.965	-43.662	128.507
111	1.10000	17.287	-43.492	128.538
112	1.11000	16.645	-43.310	128.566
113	1.12000	16.035	-43.075	128.552
114	1.13000	15.448	-42.892	128.547
115	1.14000	14.978	-42.707	128.571
116	1.15000	14.508	-42.572	128.623
117	1.16000	14.106	-42.426	128.655
118	1.17000	13.747	-42.274	128.676
119	1.18000	13.413	-42.150	128.705
120	1.19000	13.149	-42.042	128.733
121	1.20000	12.901	-41.933	128.765
122	1.21000	12.717	-41.878	128.798
123	1.22000	12.557	-41.757	128.793
124	1.23000	12.412	-41.672	128.816
125	1.24000	12.330	-41.570	128.779
126	1.25000	12.310	-41.516	128.763
127	1.26000	12.408	-41.527	128.753
128	1.27000	12.384	-41.444	128.725
129	1.28000	12.526	-41.449	128.716
130	1.29000	12.653	-41.423	128.702
131	1.30000	12.847	-41.451	128.706
132	1.31000	13.128	-41.533	128.720
133	1.32000	13.365	-41.556	128.701
134	1.33000	13.705	-41.564	128.653
135	1.34000	14.051	-41.611	128.638
136	1.35000	14.454	-41.710	128.653
137	1.36000	14.899	-41.805	128.611
138	1.37000	15.365	-41.900	128.560
139	1.38000	15.862	-42.008	128.530
140	1.39000	16.406	-42.121	128.487
141	1.40000	16.954	-42.258	128.471
142	1.41000	17.573	-42.369	128.424
143	1.42000	18.209	-42.500	128.384
144	1.43000	18.889	-42.700	128.342
145	1.44000	19.623	-42.863	128.304
146	1.45000	20.337	-43.033	128.256
147	1.46000	21.147	-43.271	128.239
148	1.47000	21.945	-43.446	128.200
149	1.48000	22.788	-43.657	128.158
150	1.49000	23.586	-43.864	128.085
151	1.50000	24.462	-44.058	128.020
152	1.51000	25.344	-44.311	127.956
153	1.52000	26.270	-44.593	127.892
154	1.53000	27.192	-44.830	127.840
155	1.54000	28.230	-45.148	127.820
156	1.55000	29.231	-45.447	127.791
157	1.56000	30.221	-45.739	127.774
158	1.57000	31.236	-46.024	127.727
159	1.58000	32.316	-46.339	127.667
160	1.59000	33.433	-46.676	127.637
161	1.60000	34.515	-47.023	127.591
162	1.61000	35.649	-47.359	127.541
163	1.62000	36.773	-47.655	127.454
164	1.63000	37.919	-47.970	127.397
165	1.64000	39.104	-48.293	127.344
166	1.65000	40.319	-48.676	127.301
167	1.66000	41.548	-49.037	127.265
168	1.67000	42.739	-49.386	127.205
169	1.68000	43.968	-49.707	127.175
170	1.69000	45.244	-50.145	127.163
171	1.70000	46.514	-50.523	127.149
172	1.71000	47.830	-50.839	127.069
173	1.72000	49.064	-51.173	127.026
174	1.73000	50.436	-51.589	127.005
175	1.74000	51.758	-51.954	126.961
176	1.75000	53.086	-52.297	126.891
177	1.76000	54.385	-52.629	126.812
178	1.77000	55.801	-52.997	126.809
179	1.78000	57.162	-53.397	126.772
180	1.79000	58.524	-53.735	126.713
181	1.80000	59.854	-54.059	126.664
182	1.81000	61.273	-54.401	126.666
183	1.82000	62.640	-54.811	126.636
184	1.83000	64.051	-55.097	126.571
185	1.84000	65.489	-55.517	126.576
186	1.85000	66.872	-55.857	126.557
187	1.86000	68.291	-56.134	126.477
188	1.87000	69.649	-56.461	126.427
189	1.88000	71.112	-56.790	126.444
190	1.89000	72.516	-57.134	126.385
191	1.90000	73.948	-57.417	126.330
192	1.91000	75.346	-57.796	126.366
193	1.92000	76.797	-58.121	126.319
194	1.93000	78.116	-58.421	126.287
195	1.94000	79.593	-58.713	126.299
196	1.95000	81.010	-59.024	126.275
197	1.96000	82.391	-59.315	126.226
198	1.97000	83.827	-59.642	126.274
199	1.98000	85.181	-59.914	126.219
200	1.99000	86.599	-60.143	126.159
201	2.00000	87.962	-60.541	126.199
202	2.01000	89.373	-60.728	126.144
203	2.02000	90.736	-61.021	126.125
204	2.03000	92.086	-61.327	126.132
205	2.04000	93.448	-61.562	126.127
206	2.05000	94.767	-61.819	126.127
207	2.06000	96.148	-62.112	126.120
208	2.07000	97.480	-62.339	126.134
209	2.08000	98.717	-62.602	126.119
210	2.09000	100.113	-62.905	126.122
211	2.10000	101.365	-63.110	126.140
212	2.11000	102.620	-63.303	126.071
213	2.12000	103.874	-63.555	126.067
214	2.13000	105.135	-63.850	126.147
215	2.14000	106.311	-64.021	126.077
216	2.15000	107.565	-64.235	126.063
217	2.16000	108.788	-64.529	126.152
218	2.17000	109.962	-64.723	126.095
219	2.18000	111.096	-64.908	126.083
220	2.19000	112.312	-65.230	126.190
221	2.20000	113.456	-65.441	126.172
222	2.21000	114.554	-65.631	126.136
223	2.22000	115.659	-65.881	126.192
224	2.23000	116.724	-66.117	126.238
225	2.24000	117.751	-66.318	126.187
226	2.25000	118.789	-66.513	126.193
227	2.26000	119.896	-66.772	126.258
228	2.27000	120.850	-66.906	126.260
229	2.28000	121.784	-67.105	126.216
230	2.29000	122.746	-67.310	126.233
231	2.30000	123.746	-67.640	126.341
232	2.31000	124.651	-67.778	126.338
233	2.32000	125.483	-67.979	126.320
234	2.33000	126.369	-68.158	126.316
235	2.34000	127.238	-68.457	126.407
236	2.35000	128.056	-68.591	126.412
237	2.36000	128.839	-68.734	126.409
238	2.37000	129.547	-68.935	126.390
239	2.38000	130.347	-69.140	126.417
240	2.39000	131.119	-69.414	126.491
241	2.40000	131.819	-69.572	126.496
242	2.41000	132.450	-69.694	126.523
243	2.42000	133.062	-69.885	126.506
244	2.43000	133.734	-70.138	126.544
245	2.44000	134.404	-70.366	126.600
246	2.45000	134.940	-70.496	126.616
247	2.46000	135.494	-70.645	126.627
248	2.47000	136.038	-70.732	126.635
249	2.48000	136.497	-70.934	126.669
250	2.49000	136.993	-71.100	126.685
251	2.50000	137.438	-71.226	126.648
252	2.51000	137.890	-71.431	126.690
253	2.52000	138.264	-71.624	126.740
254	2.53000	138.648	-71.724	126.750
255	2.54000	139.029	-71.810	126.753
256	2.55000	139.365	-71.963	126.789
257	2.56000	139.658	-72.039	126.800
258	2.57000	139.887	-72.075	126.772
259	2.58000	140.145	-72.234	126.802
260	2.59000	140.330	-72.302	126.807
261	2.60000	140.512	-72.415	126.820
262	2.61000	140.642	-72.487	126.791
263	2.62000	140.814	-72.555	126.800
264	2.63000	140.919	-72.615	126.793
265	2.64000	141.019	-72.667	126.793
266	2.65000	141.143	-72.800	126.814
267	2.66000	141.195	-72.830	126.818
268	2.67000	141.215	-72.898	126.830
269	2.68000	141.222	-72.954	126.836
270	2.69000	141.198	-72.960	126.848
271	2.70000	141.134	-72.990	126.840
272	2.71000	141.070	-73.036	126.853
273	2.72000	140.942	-73.059	126.871
274	2.73000	140.793	-73.078	126.866
275	2.74000	140.658	-73.006	126.810
276	2.75000	140.444	-73.018	126.832
277	2.76000	140.296	-72.997	126.834
278	2.77000	140.105	-72.996	126.857
279	2.78000	139.902	-73.015	126.849
280	2.79000	139.636	-72.992	126.858
281	2.80000	139.393	-73.049	126.899
282	2.81000	139.070	-72.983	126.886
283	2.82000	138.726	-72.885	126.860
284	2.83000	138.384	-72.805	126.846
285	2.84000	137.987	-72.729	126.829
286	2.85000	137.572	-72.629	126.793
287	2.86000	137.152	-72.549	126.783
288	2.87000	136.701	-72.467	126.789
289	2.88000	136.263	-72.397	126.782
290	2.89000	135.845	-72.290	126.798
291	2.90000	135.358	-72.170	126.787
292	2.91000	134.814	-71.990	126.736
293	2.92000	134.235	-71.819	126.695
294	2.93000	133.707	-71.664	126.667
295	2.94000	133.100	-71.568	126.678
296	2.95000	132.524	-71.463	126.683
297	2.96000	131.986	-71.299	126.692
298	2.97000	131.346	-71.109	126.664
299	2.98000	130.672	-70.842	126.579
300	2.99000	130.020	-70.666	126.565
301	3.00000	129.372	-70.508	126.567
302	3.01000	128.704	-70.391	126.556
303	3.02000	127.980	-70.173	126.561
304	3.03000	127.290	-69.937	126.523
305	3.04000	126.539	-69.706	126.476
306	3.05000	125.817	-69.544	126.475
307	3.06000	125.118	-69.370	126.464
308	3.07000	124.339	-69.129	126.466
309	3.08000	123.563	-68.832	126.408
310	3.09000	122.767	-68.604	126.379
311	3.10000	122.005	-68.401	126.372
312	3.11000	121.157	-68.153	126.344
313	3.12000	120.394	-67.934	126.354
314	3.13000	119.512	-67.675	126.302
315	3.14000	118.716	-67.423	126.273
316	3.15000	117.862	-67.251	126.282
317	3.16000	117.022	-67.001	126.278
318	3.17000	116.189	-66.720	126.248
319	3.18000	115.343	-66.459	126.208
320	3.19000	114.459	-66.228	126.204
321	3.20000	113.631	-66.033	126.240
322	3.21000	112.729	-65.735	126.214
323	3.22000	111.815	-65.446	126.163
324	3.23000	110.971	-65.198	126.129
325	3.24000	110.060	-65.015	126.154
326	3.25000	109.162	-64.702	126.142
327	3.26000	108.253	-64.438	126.103
328	3.27000	107.367	-64.219	126.069
329	3.28000	106.434	-63.936	126.097
330	3.29000	105.548	-63.736	126.101
331	3.30000	104.680	-63.545	126.105
332	3.31000	103.746	-63.263	126.050
333	3.32000	102.853	-63.035	126.088
334	3.33000	101.967	-62.817	126.100
335	3.34000	101.076	-62.521	126.057
336	3.35000	100.185	-62.344	126.077
337	3.36000	99.294	-62.091	126.061
338	3.37000	98.353	-61.888	126.063
339	3.38000	97.464	-61.603	126.022
340	3.39000	96.567	-61.413	126.056
341	3.40000	95.665	-61.184	126.046
342	3.41000	94.789	-60.965	126.044
343	3.42000	93.886	-60.732	126.009
344	3.43000	93.007	-60.543	126.044
345	3.44000	92.151	-60.380	126.090
346	3.45000	91.258	-60.134	126.042
347	3.46000	90.396	-59.920	126.053
348	3.47000	89.471	-59.710	126.050
349	3.48000	88.642	-59.533	126.094
350	3.49000	87.853	-59.345	126.092
351	3.50000	86.961	-59.162	126.083
352	3.51000	86.128	-59.012	126.093
353	3.52000	85.277	-58.766	126.091
354	3.53000	84.484	-58.586	126.103
355	3.54000	83.664	-58.471	126.154
356	3.55000	82.847	-58.304	126.127
357	3.56000	82.070	-58.128	126.151
358	3.57000	81.321	-57.890	126.113
359	3.58000	80.519	-57.769	126.147
360	3.59000	79.739	-57.622	126.185
361	3.60000	78.957	-57.511	126.232
362	3.61000	78.264	-57.360	126.185
363	3.62000	77.522	-57.218	126.218
364	3.63000	76.732	-57.011	126.200
365	3.64000	76.040	-56.900	126.233
366	3.65000	75.371	-56.752	126.267
367	3.66000	74.719	-56.651	126.274
368	3.67000	73.958	-56.436	126.234
369	3.68000	73.368	-56.429	126.298
370	3.69000	72.650	-56.247	126.290
371	3.70000	72.051	-56.115	126.306
372	3.71000	71.453	-56.006	126.333
373	3.72000	70.896	-55.900	126.352
374	3.73000	70.270	-55.823	126.390
375	3.74000	69.673	-55.740	126.411
376	3.75000	69.136	-55.627	126.394
377	3.76000	68.630	-55.546	126.404
378	3.77000	68.093	-55.467	126.431
379	3.78000	67.559	-55.310	126.418
380	3.79000	67.016	-55.224	126.448
381	3.80000	66.549	-55.151	126.482
382	3.81000	66.085	-55.051	126.519
383	3.82000	65.649	-54.940	126.503
384	3.83000	65.232	-54.862	126.523
385	3.84000	64.811	-54.783	126.539
386	3.85000	64.374	-54.712	126.530
387	3.86000	63.946	-54.621	126.529
388	3.87000	63.614	-54.639	126.566
389	3.88000	63.242	-54.476	126.554
390	3.89000	62.929	-54.387	126.561
391	3.90000	62.627	-54.331	126.577
392	3.91000	62.340	-54.246	126.588
393	3.92000	62.061	-54.196	126.601
394	3.93000	61.738	-54.101	126.588
395	3.94000	61.505	-54.093	126.656
396	3.95000	61.253	-53.987	126.616
397	3.96000	61.014	-53.940	126.631
398	3.97000	60.834	-53.923	126.646
399	3.98000	60.647	-53.847	126.636
400	3.99000	60.497	-53.789	126.631
401	4.00000	60.366	-53.748	126.636
402	4.01000	60.205	-53.676	126.610
403	4.02000	60.146	-53.668	126.634
404	4.03000	59.998	-53.605	126.628
405	4.04000	60.001	-53.622	126.666
406	4.05000	59.927	-53.571	126.644
407	4.06000	59.847	-53.502	126.616
408	4.07000	59.819	-53.470	126.615
409	4.08000	59.834	-53.401	126.615
410	4.09000	59.836	-53.402	126.611
411	4.10000	59.864	-53.411	126.611
412	4.11000	59.929	-53.386	126.601
413	4.12000	59.976	-53.395	126.612
414	4.13000	60.074	-53.357	126.595
415	4.14000	60.148	-53.381	126.577
416	4.15000	60.342	-53.496	126.640
417	4.16000	60.449	-53.456	126.630
418	4.17000	60.585	-53.482	126.618
419	4.18000	60.744	-53.464	126.602
420	4.19000	60.926	-53.542	126.632
421	4.20000	61.113	-53.556	126.628
422	4.21000	61.336	-53.564	126.614
423	4.22000	61.591	-53.560	126.586
424	4.23000	61.811	-53.629	126.586
425	4.24000	62.059	-53.663	126.564
426	4.25000	62.343	-53.690	126.551
427	4.26000	62.641	-53.718	126.523
428	4.27000	62.912	-53.764	126.506
429	4.28000	63.237	-53.805	126.502
430	4.29000	63.565	-53.898	126.491
431	4.30000	63.884	-53.943	126.481
432	4.31000	64.217	-54.009	126.485
433	4.32000	64.601	-54.108	126.500
434	4.33000	65.023	-54.131	126.459
435	4.34000	65.423	-54.208	126.467
436	4.35000	65.848	-54.373	126.477
437	4.36000	66.252	-54.470	126.465
438	4.37000	66.627	-54.519	126.410
439	4.38000	67.084	-54.672	126.414
440	4.39000	67.514	-54.722	126.396
441	4.40000	68.003	-54.835	126.392
442	4.41000	68.495	-54.928	126.361
443	4.42000	68.966	-54.985	126.367
444	4.43000	69.465	-55.137	126.388
445	4.44000	69.914	-55.222	126.365
446	4.45000	70.472	-55.411	126.387
447	4.46000	70.983	-55.479	126.332
448	4.47000	71.501	-55.572	126.304
449	4.48000	72.066	-55.738	126.303
450	4.49000	72.613	-55.863	126.299
451	4.50000	73.109	-55.961	126.273
452	4.51000	73.706	-56.182	126.319
453	4.52000	74.318	-56.270	126.276
454	4.53000	74.904	-56.433	126.285
455	4.54000	75.443	-56.627	126.290
456	4.55000	76.035	-56.789	126.257
457	4.56000	76.590	-56.910	126.233
458	4.57000	77.211	-57.100	126.231
459	4.58000	77.861	-57.198	126.204
460	4.59000	78.481	-57.382	126.225
461	4.60000	79.045	-57.558	126.234
462	4.61000	79.674	-57.708	126.225
463	4.62000	80.310	-57.810	126.173
464	4.63000	80.969	-58.028	126.175
465	4.64000	81.600	-58.175	126.161
466	4.65000	82.182	-58.362	126.172
467	4.66000	82.829	-58.566	126.180
468	4.67000	83.465	-58.704	126.192
469	4.68000	84.175	-58.926	126.194
470	4.69000	84.762	-58.999	126.151
471	4.70000	85.394	-59.235	126.173
472	4.71000	86.045	-59.378	126.124
473	4.72000	86.677	-59.570	126.119
474	4.73000	87.356	-59.745	126.137
475	4.74000	87.986	-59.914	126.160
476	4.75000	88.633	-60.074	126.169
477	4.76000	89.299	-60.282	126.135
478	4.77000	89.936	-60.413	126.097
479	4.78000	90.585	-60.581	126.092
480	4.79000	91.216	-60.755	126.108
481	4.80000	91.846	-60.968	126.158
482	4.81000	92.489	-61.108	126.136
483	4.82000	93.164	-61.352	126.152
484	4.83000	93.802	-61.463	126.127
485	4.84000	94.413	-61.600	126.118
486	4.85000	95.007	-61.748	126.115
487	4.86000	95.609	-61.911	126.088
488	4.87000	96.357	-62.149	126.147
489	4.88000	96.971	-62.283	126.146
490	4.89000	97.532	-62.432	126.153
491	4.90000	98.126	-62.549	126.145
492	4.91000	98.686	-62.751	126.127
493	4.92000	99.326	-62.824	126.099
494	4.93000	99.979	-63.083	126.149
495	4.94000	100.608	-63.237	126.174
496	4.95000	101.161	-63.335	126.177
497	4.96000	101.719	-63.442	126.158
498	4.97000	102.246	-63.583	126.137
499	4.98000	102.801	-63.702	126.124
500	4.99000	103.356	-63.831	126.121
501	5.00000	103.966	-63.987	126.147
502	5.01000	104.556	-64.199	126.195
503	5.02000	105.072	-64.275	126.191
504	5.03000	105.583	-64.327	126.172
505	5.04000	106.054	-64.427	126.131
506	5.05000	106.578	-64.548	126.134
507	5.06000	107.099	-64.673	126.131
508	5.07000	107.582	-64.738	126.119
509	5.08000	108.103	-64.909	126.178
510	5.09000	108.573	-65.049	126.225
511	5.10000	109.072	-65.150	126.230
512	5.11000	109.533	-65.237	126.191
513	5.12000	109.971	-65.327	126.173
514	5.13000	110.399	-65.402	126.156
515	5.14000	110.853	-65.458	126.147
516	5.15000	111.308	-65.617	126.186
517	5.16000	111.705	-65.720	126.198
518	5.17000	112.118	-65.851	126.241
519	5.18000	112.524	-65.940	126.266
520	5.19000	112.928	-66.001	126.255
521	5.20000	113.278	-66.052	126.221
522	5.21000	113.603	-66.110	126.204
523	5.22000	113.942	-66.167	126.221
524	5.23000	114.283	-66.209	126.201
525	5.24000	114.596	-66.285	126.203
526	5.25000	114.913	-66.357	126.204
527	5.26000	115.231	-66.442	126.227
528	5.27000	115.519	-66.525	126.242
529	5.28000	115.827	-66.600	126.255
530	5.29000	116.110	-66.669	126.283
531	5.30000	116.362	-66.715	126.282
532	5.31000	116.589	-66.745	126.285
533	5.32000	116.809	-66.779	126.282
534	5.33000	116.995	-66.821	126.258
535	5.34000	117.194	-66.869	126.262
536	5.35000	117.354	-66.901	126.267
537	5.36000	117.525	-66.914	126.262
538	5.37000	117.703	-66.919	126.236
539	5.38000	117.835	-66.957	126.243
540	5.39000	117.985	-66.985	126.237
541	5.40000	118.094	-67.007	126.234
542	5.41000	118.191	-67.019	126.234
543	5.42000	118.295	-67.044	126.236
544	5.43000	118.380	-67.062	126.241
545	5.44000	118.490	-67.136	126.278
546	5.45000	118.545	-67.142	126.266
547	5.46000	118.572	-67.102	126.255
548	5.47000	118.616	-67.114	126.248
549	5.48000	118.645	-67.097	126.252
550	5.49000	118.633	-67.133	126.251
551	5.50000	118.651	-67.186	126.272
552	5.51000	118.596	-67.118	126.246
553	5.52000	118.597	-67.118	126.249
554	5.53000	118.541	-67.113	126.238
555	5.54000	118.507	-67.093	126.236
556	5.55000	118.441	-67.082	126.239
557	5.56000	118.337	-67.097	126.248
558	5.57000	118.259	-67.047	126.241
559	5.58000	118.146	-67.046	126.247
560	5.59000	118.058	-67.050	126.246
561	5.60000	117.947	-67.009	126.249
562	5.61000	117.821	-66.997	126.246
563	5.62000	117.654	-66.997	126.273
564	5.63000	117.490	-66.986	126.275
565	5.64000	117.312	-66.965	126.276
566	5.65000	117.175	-66.925	126.272
567	5.66000	117.009	-66.914	126.266
568	5.67000	116.792	-66.876	126.273
569	5.68000	116.601	-66.826	126.299
570	5.69000	116.382	-66.793	126.306
571	5.70000	116.129	-66.769	126.316
572	5.71000	115.877	-66.723	126.306
573	5.72000	115.585	-66.615	126.268
574	5.73000	115.316	-66.580	126.249
575	5.74000	115.052	-66.495	126.240
576	5.75000	114.755	-66.397	126.207
577	5.76000	114.434	-66.346	126.210
578	5.77000	114.160	-66.257	126.201
579	5.78000	113.848	-66.210	126.204
580	5.79000	113.492	-66.191	126.232
581	5.80000	113.156	-66.158	126.254
582	5.81000	112.845	-66.065	126.272
583	5.82000	112.498	-66.028	126.278
584	5.83000	112.147	-65.926	126.277
585	5.84000	111.722	-65.761	126.220
586	5.85000	111.325	-65.654	126.181
587	5.86000	110.955	-65.585	126.166
588	5.87000	110.565	-65.480	126.161
589	5.88000	110.190	-65.421	126.180
590	5.89000	109.767	-65.314	126.183
591	5.90000	109.371	-65.265	126.192
592	5.91000	108.994	-65.171	126.228
593	5.92000	108.533	-65.045	126.210
594	5.93000	108.094	-64.945	126.200
595	5.94000	107.658	-64.774	126.131
596	5.95000	107.242	-64.684	126.118
597	5.96000	106.794	-64.592	126.137
598	5.97000	106.301	-64.450	126.132
599	5.98000	105.871	-64.372	126.137
600	5.99000	105.463	-64.274	126.165
601	6.00000	105.027	-64.245	126.199
602	6.01000	104.567	-64.152	126.187
603	6.02000	104.098	-64.038	126.175
604	6.03000	103.596	-63.827	126.102
605	6.04000	103.086	-63.703	126.113
606	6.05000	102.613	-63.582	126.116
607	6.06000	102.100	-63.475	126.134
608	6.07000	101.691	-63.379	126.159
609	6.08000	101.225	-63.274	126.168
610	6.09000	100.785	-63.173	126.170
611	6.10000	100.259	-62.995	126.119
612	6.11000	99.743	-62.850	126.100
613	6.12000	99.224	-62.698	126.091
614	6.13000	98.732	-62.608	126.104
615	6.14000	98.260	-62.474	126.129
616	6.15000	97.780	-62.343	126.127
617	6.16000	97.298	-62.189	126.117
618	6.17000	96.846	-62.132	126.146
619	6.18000	96.332	-61.974	126.110
620	6.19000	95.841	-61.841	126.104
621	6.20000	95.289	-61.676	126.068
622	6.21000	94.826	-61.554	126.095
623	6.22000	94.342	-61.447	126.093
624	6.23000	93.853	-61.311	126.091
625	6.24000	93.434	-61.223	126.103
626	6.25000	92.892	-61.068	126.107
627	6.26000	92.403	-60.972	126.135
628	6.27000	91.923	-60.830	126.143
629	6.28000	91.479	-60.741	126.137
630	6.29000	91.009	-60.559	126.088
631	6.30000	90.529	-60.429	126.075
632	6.31000	90.078	-60.321	126.085
633	6.32000	89.615	-60.198	126.100
634	6.33000	89.118	-60.068	126.099
635	6.34000	88.671	-59.985	126.125
636	6.35000	88.245	-59.819	126.143
637	6.36000	87.813	-59.708	126.148
638	6.37000	87.399	-59.662	126.149
639	6.38000	86.932	-59.496	126.091
640	6.39000	86.503	-59.393	126.098
641	6.40000	86.040	-59.273	126.098
642	6.41000	85.609	-59.193	126.128
643	6.42000	85.235	-59.110	126.160
644	6.43000	84.869	-58.991	126.158
645	6.44000	84.435	-58.854	126.139
646	6.45000	84.076	-58.823	126.183
647	6.46000	83.641	-58.686	126.172
648	6.47000	83.261	-58.660	126.206
649	6.48000	82.878	-58.554	126.169
650	6.49000	82.471	-58.412	126.145
651	6.50000	82.100	-58.327	126.180
652	6.51000	81.748	-58.210	126.163
653	6.52000	81.450	-58.146	126.153
654	6.53000	81.102	-58.092	126.170
655	6.54000	80.756	-58.000	126.176
656	6.55000	80.422	-57.940	126.184
657	6.56000	80.060	-57.848	126.190
658	6.57000	79.759	-57.755	126.195
659	6.58000	79.425	-57.735	126.233
660	6.59000	79.108	-57.672	126.236
661	6.60000	78.877	-57.587	126.217
662	6.61000	78.584	-57.531	126.243
663	6.62000	78.304	-57.447	126.206
664	6.63000	78.049	-57.377	126.202
665	6.64000	77.776	-57.295	126.197
666	6.65000	77.546	-57.267	126.207
667	6.66000	77.274	-57.242	126.222
668	6.67000	77.037	-57.189	126.228
669	6.68000	76.834	-57.143	126.223
670	6.69000	76.605	-57.104	126.239
671	6.70000	76.388	-57.086	126.258
672	6.71000	76.195	-57.055	126.262
673	6.72000	76.008	-57.019	126.270
674	6.73000	75.868	-56.994	126.270
675	6.74000	75.713	-56.953	126.295
676	6.75000	75.515	-56.874	126.276
677	6.76000	75.416	-56.880	126.307
678	6.77000	75.275	-56.855	126.311
679	6.78000	75.157	-56.843	126.317
680	6.79000	75.051	-56.813	126.319
681	6.80000	74.935	-56.780	126.301
682	6.81000	74.861	-56.789	126.313
683	6.82000	74.775	-56.783	126.307
684	6.83000	74.693	-56.738	126.305
685	6.84000	74.610	-56.733	126.303
686	6.85000	74.502	-56.669	126.276
687	6.86000	74.448	-56.685	126.289
688	6.87000	74.446	-56.729	126.315
689	6.88000	74.387	-56.687	126.299
690	6.89000	74.356	-56.665	126.284
691	6.90000	74.366	-56.651	126.285
692	6.91000	74.362	-56.684	126.291
693	6.92000	74.371	-56.670	126.281
694	6.93000	74.426	-56.745	126.311
695	6.94000	74.397	-56.679	126.278
696	6.95000	74.447	-56.696	126.279
697	6.96000	74.493	-56.706	126.283
698	6.97000	74.560	-56.711	126.274
699	6.98000	74.644	-56.790	126.312
700	6.99000	74.717	-56.820	126.311
701	7.00000	74.792	-56.829	126.306
702	7.01000	74.887	-56.838	126.301
703	7.02000	74.985	-56.865	126.306
704	7.03000	75.089	-56.888	126.323
705	7.04000	75.200	-56.926	126.326
706	7.05000	75.315	-56.959	126.316
707	7.06000	75.458	-57.002	126.319
708	7.07000	75.591	-57.014	126.305
709	7.08000	75.725	-57.088	126.294
710	7.09000	75.893	-57.106	126.284
711	7.10000	76.059	-57.145	126.278
712	7.11000	76.258	-57.162	126.267
713	7.12000	76.408	-57.213	126.268
714	7.13000	76.614	-57.227	126.248
715	7.14000	76.832	-57.285	126.236
716	7.15000	77.040	-57.316	126.231
717	7.16000	77.267	-57.359	126.223
718	7.17000	77.525	-57.380	126.200
719	7.18000	77.750	-57.496	126.232
720	7.19000	77.969	-57.509	126.204
721	7.20000	78.240	-57.613	126.233
722	7.21000	78.492	-57.648	126.227
723	7.22000	78.741	-57.739	126.258
724	7.23000	78.992	-57.797	126.265
725	7.24000	79.260	-57.832	126.262
726	7.25000	79.540	-57.912	126.252
727	7.26000	79.847	-57.951	126.226
728	7.27000	80.134	-58.011	126.224
729	7.28000	80.420	-58.042	126.201
730	7.29000	80.759	-58.121	126.181
731	7.30000	81.063	-58.170	126.169
732	7.31000	81.357	-58.239	126.164
733	7.32000	81.669	-58.291	126.160
734	7.33000	81.947	-58.349	126.161
735	7.34000	82.285	-58.449	126.176
736	7.35000	82.624	-58.524	126.144
737	7.36000	83.025	-58.624	126.161
738	7.37000	83.329	-58.724	126.192
739	7.38000	83.699	-58.781	126.175
740	7.39000	84.051	-58.859	126.182
741	7.40000	84.412	-58.902	126.164
742	7.41000	84.750	-59.012	126.149
743	7.42000	85.081	-59.073	126.150
744	7.43000	85.421	-59.160	126.147
745	7.44000	85.788	-59.206	126.106
746	7.45000	86.149	-59.284	126.093
747	7.46000	86.557	-59.463	126.135
748	7.47000	86.873	-59.475	126.089
749	7.48000	87.317	-59.622	126.113
750	7.49000	87.684	-59.719	126.146
751	7.50000	88.067	-59.817	126.164
752	7.51000	88.420	-59.887	126.158
753	7.52000	88.761	-59.960	126.138
754	7.53000	89.146	-60.101	126.120
755	7.54000	89.532	-60.173	126.102
756	7.55000	89.874	-60.241	126.092
757	7.56000	90.301	-60.305	126.068
758	7.57000	90.687	-60.407	126.067
759	7.58000	91.108	-60.526	126.079
760	7.59000	91.455	-60.642	126.097
761	7.60000	91.832	-60.745	126.131
762	7.61000	92.235	-60.892	126.172
763	7.62000	92.639	-61.008	126.134
764	7.63000	93.013	-61.061	126.125
765	7.64000	93.376	-61.167	126.110
766	7.65000	93.786	-61.205	126.086
767	7.66000	94.125	-61.298	126.077
768	7.67000	94.500	-61.375	126.069
769	7.68000	94.858	-61.463	126.074
770	7.69000	95.269	-61.655	126.127
771	7.70000	95.602	-61.661	126.088
772	7.71000	96.009	-61.846	126.120
773	7.72000	96.396	-61.934	126.128
774	7.73000	96.752	-62.028	126.131
775	7.74000	97.094	-62.082	126.119
776	7.75000	97.443	-62.158	126.108
777	7.76000	97.782	-62.229	126.107
778	7.77000	98.102	-62.333	126.112
779	7.78000	98.438	-62.392	126.098
780	7.79000	98.735	-62.499	126.124
781	7.80000	99.116	-62.594	126.088
782	7.81000	99.469	-62.728	126.105
783	7.82000	99.816	-62.820	126.116
784	7.83000	100.181	-62.913	126.122
785	7.84000	100.498	-62.994	126.135
786	7.85000	100.825	-63.068	126.147
787	7.86000	101.120	-63.141	126.148
788	7.87000	101.404	-63.182	126.136
789	7.88000	101.679	-63.266	126.140
790	7.89000	101.972	-63.321	126.138
791	7.90000	102.226	-63.397	126.140
792	7.91000	102.528	-63.446	126.094
793	7.92000	102.795	-63.526	126.101
794	7.93000	103.086	-63.611	126.097
795	7.94000	103.359	-63.660	126.094
796	7.95000	103.633	-63.721	126.090
797	7.96000	103.940	-63.862	126.130
798	7.97000	104.225	-63.949	126.160
799	7.98000	104.457	-64.011	126.169
800	7.99000	104.697	-64.093	126.192
801	8.00000	104.924	-64.130	126.193
802	8.01000	105.109	-64.174	126.200
803	8.02000	105.312	-64.213	126.190
804	8.03000	105.529	-64.230	126.179
805	8.04000	105.738	-64.244	126.138
806	8.05000	105.927	-64.295	126.138
807	8.06000	106.091	-64.332	126.132
808	8.07000	106.272	-64.368	126.134
809	8.08000	106.483	-64.417	126.133
810	8.09000	106.701	-64.451	126.130
811	8.10000	106.845	-64.480	126.127
812	8.11000	107.003	-64.514	126.114
813	8.12000	107.192	-64.565	126.122
814	8.13000	107.312	-64.579	126.121
815	8.14000	107.474	-64.580	126.106
816	8.15000	107.622	-64.604	126.110
817	8.16000	107.749	-64.711	126.160
818	8.17000	107.869	-64.706	126.156
819	8.18000	107.993	-64.778	126.177
820	8.19000	108.095	-64.796	126.177
821	8.20000	108.213	-64.791	126.177
822	8.21000	108.256	-64.796	126.189
823	8.22000	108.382	-64.846	126.194
824	8.23000	108.455	-64.870	126.197
825	8.24000	108.490	-64.849	126.192
826	8.25000	108.569	-64.834	126.184
827	8.26000	108.615	-64.853	126.182
828	8.27000	108.664	-64.861	126.182
829	8.28000	108.690	-64.877	126.188
830	8.29000	108.737	-64.867	126.177
831	8.30000	108.746	-64.842	126.169
832	8.31000	108.757	-64.863	126.192
833	8.32000	108.752	-64.855	126.187
834	8.33000	108.752	-64.855	126.187
835	8.34000	108.744	-64.858	126.183
836	8.35000	108.765	-64.882	126.214
837	8.36000	108.710	-64.821	126.174
838	8.37000	108.677	-64.814	126.185
839	8.38000	108.623	-64.798	126.187
840	8.39000	108.572	-64.789	126.187
841	8.40000	108.523	-64.787	126.184
842	8.41000	108.470	-64.772	126.179
843	8.42000	108.403	-64.734	126.174
844	8.43000	108.300	-64.715	126.181
845	8.44000	108.238	-64.697	126.168
846	8.45000	108.153	-64.697	126.174
847	8.46000	108.043	-64.648	126.165
848	8.47000	107.948	-64.616	126.158
849	8.48000	107.844	-64.603	126.158
850	8.49000	107.703	-64.548	126.129
851	8.50000	107.589	-64.520	126.131
852	8.51000	107.416	-64.442	126.091
853	8.52000	107.287	-64.424	126.099
854	8.53000	107.144	-64.385	126.099
855	8.54000	106.975	-64.347	126.109
856	8.55000	106.781	-64.299	126.101
857	8.56000	106.631	-64.251	126.097
858	8.57000	106.472	-64.211	126.098
859	8.58000	106.275	-64.196	126.116
860	8.59000	106.107	-64.159	126.121
861	8.60000	105.933	-64.130	126.128
862	8.61000	105.780	-64.070	126.137
863	8.62000	105.573	-64.069	126.162
864	8.63000	105.378	-64.043	126.174
865	8.64000	105.174	-64.050	126.180
866	8.65000	105.004	-64.000	126.184
867	8.66000	104.799	-63.948	126.172
868	8.67000	104.564	-63.925	126.174
869	8.68000	104.361	-63.863	126.176
870	8.69000	104.080	-63.755	126.130
871	8.70000	103.835	-63.655	126.093
872	8.71000	103.574	-63.617	126.093
873	8.72000	103.317	-63.528	126.088
874	8.73000	103.050	-63.476	126.086
875	8.74000	102.801	-63.431	126.089
876	8.75000	102.556	-63.376	126.089
877	8.76000	102.284	-63.328	126.103
878	8.77000	102.058	-63.285	126.148
879	8.78000	101.797	-63.219	126.140
880	8.79000	101.566	-63.176	126.146
881	8.80000	101.312	-63.129	126.149
882	8.81000	101.049	-63.096	126.158
883	8.82000	100.738	-62.965	126.132
884	8.83000	100.468	-62.914	126.126
885	8.84000	100.175	-62.899	126.135
886	8.85000	99.877	-62.775	126.091
887	8.86000	99.580	-62.718	126.104
888	8.87000	99.246	-62.615	126.072
889	8.88000	98.964	-62.558	126.105
890	8.89000	98.655	-62.492	126.117
891	8.90000	98.365	-62.427	126.125
892	8.91000	98.084	-62.366	126.123
893	8.92000	97.799	-62.298	126.126
894	8.93000	97.536	-62.239	126.115
895	8.94000	97.211	-62.184	126.126
896	8.95000	96.938	-62.132	126.140
897	8.96000	96.644	-62.079	126.143
898	8.97000	96.328	-62.017	126.152
899	8.98000	95.989	-61.908	126.131
900	8.99000	95.725	-61.888	126.147
901	9.00000	95.336	-61.704	126.079
902	9.01000	95.051	-61.649	126.105
903	9.02000	94.738	-61.561	126.102
904	9.03000	94.466	-61.528	126.108
905	9.04000	94.216	-61.429	126.097
906	9.05000	93.877	-61.366	126.100
907	9.06000	93.581	-61.347	126.124
908	9.07000	93.276	-61.273	126.135
909	9.08000	92.985	-61.199	126.150
910	9.09000	92.688	-61.140	126.156
911	9.10000	92.370	-61.085	126.182
912	9.11000	92.094	-61.018	126.167
913	9.12000	91.777	-60.874	126.136
914	9.13000	91.489	-60.825	126.147
915	9.14000	91.196	-60.701	126.111
916	9.15000	90.920	-60.618	126.093
917	9.16000	90.654	-60.527	126.073
918	9.17000	90.331	-60.459	126.082
919	9.18000	90.081	-60.379	126.087
920	9.19000	89.807	-60.325	126.097
921	9.20000	89.508	-60.278	126.124
922	9.21000	89.245	-60.217	126.133
923	9.22000	88.933	-60.115	126.121
924	9.23000	88.713	-60.046	126.146
925	9.24000	88.493	-60.040	126.178
926	9.25000	88.244	-59.961	126.183
927	9.26000	87.963	-59.842	126.159
928	9.27000	87.749	-59.839	126.165
929	9.28000	87.480	-59.749	126.138
930	9.29000	87.253	-59.714	126.131
931	9.30000	86.960	-59.581	126.101
932	9.31000	86.724	-59.541	126.117
933	9.32000	86.491	-59.481	126.113
934	9.33000	86.292	-59.409	126.103
935	9.34000	86.029	-59.361	126.114
936	9.35000	85.815	-59.330	126.126
937	9.36000	85.613	-59.269	126.137
938	9.37000	85.432	-59.204	126.151
939	9.38000	85.224	-59.169	126.166
940	9.39000	85.062	-59.105	126.168
941	9.40000	84.865	-59.064	126.170
942	9.41000	84.678	-59.009	126.166
943	9.42000	84.494	-58.989	126.172
944	9.43000	84.313	-58.947	126.186
945	9.44000	84.148	-58.905	126.187
946	9.45000	83.984	-58.852	126.195
947	9.46000	83.813	-58.843	126.206
948	9.47000	83.667	-58.808	126.212
949	9.48000	83.512	-58.737	126.193
950	9.49000	83.359	-58.706	126.192
951	9.50000	83.229	-58.689	126.193
952	9.51000	83.073	-58.708	126.201
953	9.52000	82.929	-58.590	126.173
954	9.53000	82.841	-58.565	126.160
955	9.54000	82.668	-58.505	126.136
956	9.55000	82.527	-58.495	126.154
957	9.56000	82.440	-58.464	126.143
958	9.57000	82.308	-58.445	126.190
959	9.58000	82.252	-58.421	126.176
960	9.59000	82.150	-58.396	126.175
961	9.60000	82.051	-58.362	126.168
962	9.61000	81.995	-58.320	126.155
963	9.62000	81.930	-58.280	126.150
964	9.63000	81.873	-58.288	126.157
965	9.64000	81.817	-58.274	126.156
966	9.65000	81.744	-58.283	126.168
967	9.66000	81.694	-58.254	126.157
968	9.67000	81.664	-58.266	126.164
969	9.68000	81.642	-58.270	126.169
970	9.69000	81.618	-58.245	126.157
971	9.70000	81.590	-58.223	126.155
972	9.71000	81.584	-58.238	126.161
973	9.72000	81.562	-58.231	126.157
974	9.73000	81.571	-58.228	126.160
975	9.74000	81.545	-58.242	126.155
976	9.75000	81.570	-58.256	126.157
977	9.76000	81.591	-58.253	126.152
978	9.77000	81.579	-58.271	126.163
979	9.78000	81.605	-58.274	126.151
980	9.79000	81.644	-58.277	126.162
981	9.80000	81.675	-58.299	126.157
982	9.81000	81.691	-58.327	126.173
983	9.82000	81.754	-58.315	126.165
984	9.83000	81.806	-58.333	126.163
985	9.84000	81.862	-58.347	126.171
986	9.85000	81.920	-58.390	126.173
987	9.86000	81.971	-58.374	126.157
988	9.87000	82.079	-58.496	126.210
989	9.88000	82.123	-58.444	126.173
990	9.89000	82.191	-58.491	126.179
991	9.90000	82.286	-58.524	126.162
992	9.91000	82.406	-58.515	126.153
993	9.92000	82.510	-58.619	126.187
994	9.93000	82.663	-58.662	126.186
995	9.94000	82.791	-58.679	126.181
996	9.95000	82.871	-58.662	126.149
997	9.96000	83.040	-58.771	126.201
998	9.97000	83.120	-58.737	126.178
999	9.98000	83.260	-58.820	126.215
1000	9.99000	83.415	-58.840	126.206
1001	10.00000	83.571	-58.872	126.218
1002	10.01000	83.732	-58.912	126.205
1003	10.02000	83.880	-58.942	126.202
1004	10.03000	84.050	-58.962	126.192
1005	10.04000	84.190	-59.029	126.200
1006	10.05000	84.363	-59.056	126.188
1007	10.06000	84.519	-59.083	126.184
1008	10.07000	84.691	-59.110	126.183
1009	10.08000	84.863	-59.177	126.182
1010	10.09000	85.050	-59.204	126.181
1011	10.10000	85.203	-59.242	126.176
1012	10.11000	85.373	-59.291	126.171
1013	10.12000	85.552	-59.304	126.164
1014	10.13000	85.776	-59.345	126.126
1015	10.14000	85.934	-59.401	126.135
1016	10.15000	86.171	-59.429	126.114
1017	10.16000	86.391	-59.497	126.111
1018	10.17000	86.618	-59.623	126.142
1019	10.18000	86.789	-59.571	126.105
1020	10.19000	87.018	-59.630	126.104
1021	10.20000	87.248	-59.695	126.113
1022	10.21000	87.472	-59.764	126.137
1023	10.22000	87.701	-59.851	126.165
1024	10.23000	87.963	-59.929	126.159
1025	10.24000	88.169	-59.939	126.174
1026	10.25000	88.359	-59.935	126.149
1027	10.26000	88.582	-59.998	126.153
1028	10.27000	88.805	-60.069	126.120
1029	10.28000	89.037	-60.169	126.146
1030	10.29000	89.307	-60.188	126.115
1031	10.30000	89.522	-60.238	126.113
1032	10.31000	89.764	-60.263	126.099
1033	10.32000	89.975	-60.335	126.098
1034	10.33000	90.270	-60.357	126.070
1035	10.34000	90.485	-60.419	126.074
1036	10.35000	90.719	-60.476	126.074
1037	10.36000	91.005	-60.574	126.094
1038	10.37000	91.198	-60.617	126.088
1039	10.38000	91.419	-60.675	126.096
1040	10.39000	91.693	-60.775	126.125
1041	10.40000	91.920	-60.818	126.134
1042	10.41000	92.201	-60.966	126.155
1043	10.42000	92.456	-60.998	126.142
1044	10.43000	92.686	-61.031	126.141
1045	10.44000	92.921	-61.089	126.137
1046	10.45000	93.152	-61.141	126.139
1047	10.46000	93.403	-61.188	126.125
1048	10.47000	93.646	-61.205	126.098
1049	10.48000	93.897	-61.253	126.091
1050	10.49000	94.120	-61.290	126.084
1051	10.50000	94.358	-61.316	126.078
1052	10.51000	94.634	-61.481	126.118
1053	10.52000	94.843	-61.434	126.081
1054	10.53000	95.094	-61.555	126.110
1055	10.54000	95.296	-61.574	126.093
1056	10.55000	95.540	-61.659	126.104
1057	10.56000	95.816	-61.756	126.129
1058	10.57000	96.053	-61.828	126.135
1059	10.58000	96.241	-61.819	126.101
1060	10.59000	96.485	-61.916	126.127
1061	10.60000	96.727	-61.995	126.130
1062	10.61000	96.940	-62.018	126.132
1063	10.62000	97.136	-62.052	126.121
1064	10.63000	97.371	-62.073	126.106
1065	10.64000	97.559	-62.144	126.114
1066	10.65000	97.753	-62.178	126.110
1067	10.66000	97.972	-62.226	126.105
1068	10.67000	98.169	-62.301	126.120
1069	10.68000	98.346	-62.317	126.107
1070	10.69000	98.558	-62.363	126.105
1071	10.70000	98.739	-62.415	126.109
1072	10.71000	98.935	-62.484	126.108
1073	10.72000	99.138	-62.521	126.082
1074	10.73000	99.312	-62.571	126.082
1075	10.74000	99.558	-62.703	126.133
1076	10.75000	99.730	-62.706	126.117
1077	10.76000	99.941	-62.792	126.131
1078	10.77000	100.122	-62.810	126.121
1079	10.78000	100.279	-62.870	126.135
1080	10.79000	100.477	-62.939	126.153
1081	10.80000	100.660	-62.952	126.143
1082	10.81000	100.784	-62.994	126.147
1083	10.82000	100.941	-63.043	126.147
1084	10.83000	101.086	-63.042	126.147
1085	10.84000	101.239	-63.066	126.140
1086	10.85000	101.344	-63.130	126.148
1087	10.86000	101.475	-63.135	126.145
1088	10.87000	101.609	-63.169	126.144
1089	10.88000	101.697	-63.214	126.146
1090	10.89000	101.843	-63.231	126.141
1091	10.90000	101.947	-63.265	126.148
1092	10.91000	102.050	-63.288	126.145
1093	10.92000	102.174	-63.319	126.143
1094	10.93000	102.253	-63.350	126.143
1095	10.94000	102.392	-63.363	126.130
1096	10.95000	102.446	-63.373	126.103
1097	10.96000	102.548	-63.430	126.103
1098	10.97000	102.632	-63.417	126.098
1099	10.98000	102.716	-63.444	126.101
1100	10.99000	102.787	-63.448	126.100
1101	11.00000	102.866	-63.490	126.097
1102	11.01000	102.937	-63.495	126.089
1103	11.02000	102.992	-63.499	126.095
1104	11.03000	103.042	-63.519	126.086
1105	11.04000	103.104	-63.520	126.085
1106	11.05000	103.154	-63.528	126.089
1107	11.06000	103.202	-63.558	126.085
1108	11.07000	103.235	-63.559	126.096
1109	11.08000	103.279	-63.571	126.089
1110	11.09000	103.324	-63.594	126.088
1111	11.10000	103.336	-63.593	126.099
1112	11.11000	103.366	-63.604	126.104
1113	11.12000	103.375	-63.614	126.097
1114	11.13000	103.379	-63.598	126.091
1115	11.14000	103.403	-63.613	126.101
1116	11.15000	103.367	-63.605	126.108
1117	11.16000	103.394	-63.616	126.097
1118	11.17000	103.389	-63.602	126.091
1119	11.18000	103.390	-63.654	126.119
1120	11.19000	103.335	-63.593	126.095
1121	11.20000	103.336	-63.593	126.099
1122	11.21000	103.287	-63.568	126.092
1123	11.22000	103.269	-63.555	126.094
1124	11.23000	103.225	-63.533	126.084
1125	11.24000	103.191	-63.525	126.079
1126	11.25000	103.158	-63.535	126.090
1127	11.26000	103.105	-63.498	126.081
1128	11.27000	103.014	-63.525	126.099
1129	11.28000	102.989	-63.481	126.085
1130	11.29000	102.911	-63.462	126.095
1131	11.30000	102.866	-63.439	126.084
1132	11.31000	102.775	-63.427	126.089
1133	11.32000	102.678	-63.417	126.101
1134	11.33000	102.621	-63.384	126.085
1135	11.34000	102.542	-63.365	126.088
1136	11.35000	102.468	-63.342	126.093
1137	11.36000	102.347	-63.340	126.139
1138	11.37000	102.223	-63.344	126.123
1139	11.38000	102.182	-63.305	126.137
1140	11.39000	102.058	-63.274	126.146
1141	11.40000	101.970	-63.251	126.149
1142	11.41000	101.853	-63.206	126.144
1143	11.42000	101.766	-63.190	126.136
1144	11.43000	101.630	-63.165	126.150
1145	11.44000	101.512	-63.160	126.149
1146	11.45000	101.371	-63.111	126.144
1147	11.46000	101.282	-63.060	126.137
1148	11.47000	101.138	-63.039	126.141
1149	11.48000	101.001	-63.026	126.147
1150	11.49000	100.892	-62.996	126.140
1151	11.50000	100.758	-62.962	126.130
1152	11.51000	100.604	-62.919	126.146
1153	11.52000	100.456	-62.902	126.151
1154	11.53000	100.298	-62.820	126.118
1155	11.54000	100.055	-62.761	126.114
1156	11.55000	99.961	-62.771	126.134
1157	11.56000	99.761	-62.757	126.141
1158	11.57000	99.607	-62.704	126.132
1159	11.58000	99.421	-62.635	126.102
1160	11.59000	99.241	-62.538	126.071
1161	11.60000	99.023	-62.512	126.084
1162	11.61000	98.808	-62.447	126.086
1163	11.62000	98.690	-62.408	126.098
1164	11.63000	98.511	-62.363	126.103
1165	11.64000	98.342	-62.320	126.119
1166	11.65000	98.167	-62.272	126.104
1167	11.66000	97.968	-62.242	126.112
1168	11.67000	97.799	-62.218	126.112
1169	11.68000	97.631	-62.166	126.115
1170	11.69000	97.452	-62.132	126.118
1171	11.70000	97.272	-62.087	126.111
1172	11.71000	97.063	-62.071	126.126
1173	11.72000	96.916	-61.998	126.121
1174	11.73000	96.708	-61.988	126.133
1175	11.74000	96.502	-61.956	126.133
1176	11.75000	96.333	-61.904	126.132
1177	11.76000	96.100	-61.869	126.129
1178	11.77000	95.910	-61.820	126.133
1179	11.78000	95.679	-61.734	126.113
1180	11.79000	95.458	-61.658	126.076
1181	11.80000	95.250	-61.603	126.103
1182	11.81000	95.084	-61.541	126.093
1183	11.82000	94.906	-61.492	126.082
1184	11.83000	94.683	-61.448	126.088
1185	11.84000	94.471	-61.444	126.089
1186	11.85000	94.302	-61.352	126.082
1187	11.86000	94.100	-61.334	126.088
1188	11.87000	93.904	-61.290	126.090
1189	11.88000	93.735	-61.267	126.102
1190	11.89000	93.500	-61.236	126.127
1191	11.90000	93.350	-61.197	126.112
1192	11.91000	93.117	-61.174	126.138
1193	11.92000	92.935	-61.112	126.140
1194	11.93000	92.740	-61.085	126.141
1195	11.94000	92.573	-61.046	126.150
1196	11.95000	92.385	-61.034	126.146
1197	11.96000	92.183	-60.971	126.156
1198	11.97000	91.993	-60.935	126.163
1199	11.98000	91.767	-60.819	126.138
1200	11.99000	91.621	-60.782	126.132
1201	12.00000	91.401	-60.697	126.100
1202	12.01000	91.250	-60.664	126.099
1203	12.02000	91.062	-60.607	126.094
1204	12.03000	90.890	-60.567	126.077
1205	12.04000	90.724	-60.512	126.076
1206	12.05000	90.524	-60.462	126.077
1207	12.06000	90.352	-60.416	126.070
1208	12.07000	90.187	-60.373	126.071
1209	12.08000	90.005	-60.369	126.095
1210	12.09000	89.850	-60.306	126.100
1211	12.10000	89.669	-60.303	126.109
1212	12.11000	89.517	-60.253	126.116
1213	12.12000	89.394	-60.231	126.120
1214	12.13000	89.239	-60.192	126.125
1215	12.14000	89.052	-60.181	126.140
1216	12.15000	88.907	-60.145	126.146
1217	12.16000	88.728	-60.063	126.152
1218	12.17000	88.615	-60.027	126.157
1219	12.18000	88.476	-59.988	126.151
1220	12.19000	88.353	-59.949	126.155
1221	12.20000	88.233	-59.979	126.183
1222	12.21000	88.116	-59.926	126.181
1223	12.22000	87.983	-59.940	126.191
1224	12.23000	87.853	-59.854	126.169
1225	12.24000	87.690	-59.814	126.132
1226	12.25000	87.551	-59.746	126.147
1227	12.26000	87.507	-59.815	126.160
1228	12.27000	87.406	-59.791	126.155
1229	12.28000	87.277	-59.717	126.131
1230	12.29000	87.122	-59.627	126.101
1231	12.30000	87.034	-59.646	126.133
1232	12.31000	86.925	-59.585	126.099
1233	12.32000	86.825	-59.566	126.103
1234	12.33000	86.718	-59.545	126.110
1235	12.34000	86.651	-59.520	126.115
1236	12.35000	86.548	-59.506	126.124
1237	12.36000	86.463	-59.470	126.120
1238	12.37000	86.387	-59.438	126.117
1239	12.38000	86.296	-59.416	126.119
1240	12.39000	86.241	-59.402	126.119
1241	12.40000	86.172	-59.367	126.107
1242	12.41000	86.119	-59.342	126.108
1243	12.42000	86.065	-59.357	126.112
1244	12.43000	85.981	-59.332	126.106
1245	12.44000	85.938	-59.328	126.115
1246	12.45000	85.881	-59.325	126.124
1247	12.46000	85.884	-59.303	126.120
1248	12.47000	85.801	-59.307	126.131
1249	12.48000	85.770	-59.307	126.135
1250	12.49000	85.757	-59.286	126.132
1251	12.50000	85.755	-59.257	126.119
1252	12.51000	85.713	-59.259	126.144
1253	12.52000	85.689	-59.261	126.134
1254	12.53000	85.680	-59.264	126.131
1255	12.54000	85.698	-59.254	126.120
1256	12.55000	85.689	-59.250	126.128
1257	12.56000	85.668	-59.254	126.121
1258	12.57000	85.661	-59.257	126.130
1259	12.58000	85.662	-59.275	126.148
1260	12.59000	85.671	-59.272	126.140
1261	12.60000	85.684	-59.282	126.145
1262	12.61000	85.715	-59.282	126.144
1263	12.62000	85.753	-59.268	126.117
1264	12.63000	85.781	-59.272	126.121
1265	12.64000	85.781	-59.300	126.134
1266	12.65000	85.815	-59.296	126.128
1267	12.66000	85.859	-59.300	126.112
1268	12.67000	85.903	-59.321	126.122
1269	12.68000	85.942	-59.306	126.115
1270	12.69000	85.981	-59.321	126.112
1271	12.70000	86.051	-59.346	126.118
1272	12.71000	86.107	-59.360	126.111
1273	12.72000	86.164	-59.374	126.116
1274	12.73000	86.225	-59.363	126.104
1275	12.74000	86.288	-59.402	126.117
1276	12.75000	86.357	-59.438	126.117
1277	12.76000	86.440	-59.445	126.112
1278	12.77000	86.527	-59.499	126.131
1279	12.78000	86.597	-59.513	126.116
1280	12.79000	86.685	-59.516	126.121
1281	12.80000	86.749	-59.545	126.113
1282	12.81000	86.849	-59.569	126.114
1283	12.82000	86.963	-59.559	126.097
1284	12.83000	87.072	-59.631	126.126
1285	12.84000	87.148	-59.664	126.126
1286	12.85000	87.273	-59.674	126.135
1287	12.86000	87.375	-59.706	126.138
1288	12.87000	87.462	-59.714	126.144
1289	12.88000	87.590	-59.782	126.164
1290	12.89000	87.726	-59.832	126.157
1291	12.90000	87.798	-59.777	126.142
1292	12.91000	87.906	-59.805	126.139
1293	12.92000	88.054	-59.842	126.145
1294	12.93000	88.189	-59.929	126.183
1295	12.94000	88.280	-59.906	126.154
1296	12.95000	88.393	-59.941	126.149
1297	12.96000	88.502	-59.981	126.156
1298	12.97000	88.643	-60.020	126.147
1299	12.98000	88.761	-60.046	126.133
1300	12.99000	88.933	-60.137	126.148
1301	13.00000	89.028	-60.104	126.112
1302	13.01000	89.213	-60.188	126.133
1303	13.02000	89.371	-60.217	126.126
1304	13.03000	89.484	-60.252	126.121
1305	13.04000	89.629	-60.259	126.114
1306	13.05000	89.807	-60.285	126.098
1307	13.06000	89.930	-60.335	126.107
1308	13.07000	90.089	-60.354	126.082
1309	13.08000	90.231	-60.400	126.094
1310	13.09000	90.407	-60.419	126.077
1311	13.10000	90.519	-60.466	126.082
1312	13.11000	90.692	-60.534	126.085
1313	13.12000	90.864	-60.563	126.089
1314	13.13000	91.020	-60.614	126.101
1315	13.14000	91.180	-60.621	126.094
1316	13.15000	91.302	-60.672	126.107
1317	13.16000	91.484	-60.733	126.104
1318	13.17000	91.626	-60.818	126.146
1319	13.18000	91.790	-60.844	126.138
1320	13.19000	91.974	-60.928	126.178
1321	13.20000	92.150	-60.987	126.183
1322	13.21000	92.259	-61.000	126.144
1323	13.22000	92.473	-61.049	126.161
1324	13.23000	92.639	-61.053	126.150
1325	13.24000	92.785	-61.096	126.142
1326	13.25000	92.945	-61.144	126.142
1327	13.26000	93.098	-61.195	126.146
1328	13.27000	93.268	-61.207	126.132
1329	13.28000	93.463	-61.223	126.110
1330	13.29000	93.609	-61.248	126.102
1331	13.30000	93.776	-61.282	126.100
1332	13.31000	93.929	-61.293	126.090
1333	13.32000	94.083	-61.293	126.082
1334	13.33000	94.219	-61.355	126.085
1335	13.34000	94.382	-61.410	126.090
1336	13.35000	94.537	-61.411	126.082
1337	13.36000	94.692	-61.481	126.093
1338	13.37000	94.842	-61.474	126.084
1339	13.38000	94.980	-61.525	126.074
1340	13.39000	95.164	-61.571	126.103
1341	13.40000	95.311	-61.614	126.099
1342	13.41000	95.464	-61.648	126.101
1343	13.42000	95.610	-61.664	126.069
1344	13.43000	95.840	-61.794	126.119
1345	13.44000	95.930	-61.845	126.137
1346	13.45000	96.078	-61.821	126.102
1347	13.46000	96.262	-61.907	126.123
1348	13.47000	96.386	-61.919	126.126
1349	13.48000	96.539	-61.982	126.136
1350	13.49000	96.684	-61.973	126.127
1351	13.50000	96.795	-62.003	126.137
1352	13.51000	96.940	-62.041	126.120
1353	13.52000	97.060	-62.053	126.123
1354	13.53000	97.179	-62.086	126.118
1355	13.54000	97.341	-62.073	126.107
1356	13.55000	97.445	-62.135	126.107
1357	13.56000	97.580	-62.140	126.109
1358	13.57000	97.667	-62.174	126.108
1359	13.58000	97.781	-62.200	126.110
1360	13.59000	97.886	-62.222	126.111
1361	13.60000	98.018	-62.238	126.106
1362	13.61000	98.118	-62.293	126.113
1363	13.62000	98.210	-62.305	126.109
1364	13.63000	98.321	-62.325	126.109
1365	13.64000	98.404	-62.339	126.113
1366	13.65000	98.506	-62.366	126.111
1367	13.66000	98.590	-62.410	126.113
1368	13.67000	98.683	-62.433	126.114
1369	13.68000	98.793	-62.441	126.109
1370	13.69000	98.915	-62.476	126.104
1371	13.70000	98.968	-62.537	126.097
1372	13.71000	99.092	-62.515	126.094
1373	13.72000	99.143	-62.546	126.087
1374	13.73000	99.236	-62.558	126.094
1375	13.74000	99.323	-62.587	126.077
1376	13.75000	99.433	-62.628	126.104
1377	13.76000	99.531	-62.710	126.131
1378	13.77000	99.573	-62.692	126.104
1379	13.78000	99.649	-62.727	126.127
1380	13.79000	99.731	-62.746	126.136
1381	13.80000	99.784	-62.761	126.137
1382	13.81000	99.781	-62.731	126.117
1383	13.82000	99.856	-62.743	126.109
1384	13.83000	99.917	-62.767	126.104
1385	13.84000	99.997	-62.808	126.128
1386	13.85000	99.999	-62.775	126.107
1387	13.86000	100.035	-62.760	126.100
1388	13.87000	100.095	-62.816	126.131
1389	13.88000	100.114	-62.853	126.140
1390	13.89000	100.188	-62.829	126.119
1391	13.90000	100.191	-62.848	126.126
1392	13.91000	100.215	-62.840	126.128
1393	13.92000	100.230	-62.863	126.127
1394	13.93000	100.275	-62.874	126.128
1395	13.94000	100.300	-62.850	126.115
1396	13.95000	100.309	-62.870	126.119
1397	13.96000	100.294	-62.882	126.121
1398	13.97000	100.314	-62.872	126.123
1399	13.98000	100.306	-62.897	126.139
1400	13.99000	100.286	-62.890	126.134
1401	14.00000	100.298	-62.871	126.135
1402	14.01000	100.275	-62.875	126.120
1403	14.02000	100.245	-62.874	126.129
1404	14.03000	100.234	-62.892	126.144
1405	14.04000	100.192	-62.826	126.114
1406	14.05000	100.188	-62.869	126.133
1407	14.06000	100.162	-62.865	126.130
1408	14.07000	100.128	-62.887	126.138
1409	14.08000	100.120	-62.832	126.121
1410	14.09000	100.078	-62.856	126.127
1411	14.10000	100.033	-62.856	126.135
1412	14.11000	99.992	-62.823	126.131
1413	14.12000	99.897	-62.770	126.113
1414	14.13000	99.852	-62.776	126.115
1415	14.14000	99.799	-62.761	126.114
1416	14.15000	99.768	-62.823	126.156
1417	14.16000	99.734	-62.794	126.129
1418	14.17000	99.623	-62.689	126.087
1419	14.18000	99.585	-62.714	126.100
1420	14.19000	99.519	-62.735	126.117
1421	14.20000	99.450	-62.697	126.112
1422	14.21000	99.385	-62.690	126.105
1423	14.22000	99.288	-62.596	126.080
1424	14.23000	99.181	-62.613	126.097
1425	14.24000	99.109	-62.568	126.087
1426	14.25000	99.035	-62.546	126.082
1427	14.26000	98.967	-62.531	126.081
1428	14.27000	98.871	-62.494	126.116
1429	14.28000	98.806	-62.446	126.094
1430	14.29000	98.691	-62.448	126.109
1431	14.30000	98.602	-62.425	126.115
1432	14.31000	98.492	-62.395	126.109
1433	14.32000	98.402	-62.372	126.111
1434	14.33000	98.315	-62.368	126.113
1435	14.34000	98.231	-62.331	126.112
1436	14.35000	98.122	-62.312	126.116
1437	14.36000	98.035	-62.267	126.107
1438	14.37000	97.933	-62.252	126.111
1439	14.38000	97.821	-62.215	126.103
1440	14.39000	97.733	-62.221	126.118
1441	14.40000	97.598	-62.188	126.112
1442	14.41000	97.542	-62.166	126.114
1443	14.42000	97.424	-62.110	126.108
1444	14.43000	97.295	-62.113	126.119
1445	14.44000	97.180	-62.087	126.110
1446	14.45000	97.059	-62.063	126.125
1447	14.46000	96.954	-62.041	126.124
1448	14.47000	96.843	-62.033	126.125
1449	14.48000	96.699	-62.013	126.134
1450	14.49000	96.594	-61.950	126.145
1451	14.50000	96.477	-61.935	126.134
1452	14.51000	96.321	-61.900	126.124
1453	14.52000	96.190	-61.862	126.122
1454	14.53000	96.057	-61.876	126.131
1455	14.54000	95.954	-61.831	126.126
1456	14.55000	95.809	-61.834	126.139
1457	14.56000	95.673	-61.755	126.113
1458	14.57000	95.510	-61.665	126.133
1459	14.58000	95.358	-61.637	126.102
1460	14.59000	95.255	-61.582	126.095
1461	14.60000	95.097	-61.552	126.094
1462	14.61000	94.967	-61.492	126.084
1463	14.62000	94.826	-61.484	126.094
1464	14.63000	94.727	-61.459	126.096
1465	14.64000	94.587	-61.430	126.091
1466	14.65000	94.462	-61.389	126.091
1467	14.66000	94.334	-61.352	126.089
1468	14.67000	94.218	-61.327	126.084
1469	14.68000	94.088	-61.301	126.087
1470	14.69000	93.941	-61.286	126.092
1471	14.70000	93.820	-61.252	126.093
1472	14.71000	93.687	-61.237	126.102
1473	14.72000	93.558	-61.201	126.103
1474	14.73000	93.403	-61.200	126.127
1475	14.74000	93.287	-61.174	126.133
1476	14.75000	93.174	-61.166	126.135
1477	14.76000	93.027	-61.112	126.130
1478	14.77000	92.871	-61.082	126.141
1479	14.78000	92.764	-61.060	126.140
1480	14.79000	92.650	-61.035	126.142
1481	14.80000	92.528	-61.024	126.148
1482	14.81000	92.410	-61.015	126.161
1483	14.82000	92.221	-60.905	126.136
1484	14.83000	92.146	-60.946	126.157
1485	14.84000	92.020	-60.899	126.164
1486	14.85000	91.869	-60.804	126.140
1487	14.86000	91.765	-60.778	126.131
1488	14.87000	91.617	-60.764	126.133
1489	14.88000	91.526	-60.742	126.135
1490	14.89000	91.396	-60.705	126.125
1491	14.90000	91.279	-60.646	126.099
1492	14.91000	91.164	-60.610	126.092
1493	14.92000	91.064	-60.585	126.094
1494	14.93000	90.983	-60.578	126.092
1495	14.94000	90.864	-60.534	126.095
1496	14.95000	90.753	-60.527	126.105
1497	14.96000	90.617	-60.461	126.074
1498	14.97000	90.529	-60.429	126.075
1499	14.98000	90.437	-60.401	126.073
1500	14.99000	90.338	-60.382	126.080
1501	15.00000	90.232	-60.360	126.083
1502	15.01000	90.111	-60.367	126.099
1503	15.02000	90.015	-60.361	126.105
1504	15.03000	89.931	-60.353	126.118
1505	15.04000	89.836	-60.267	126.098
1506	15.05000	89.768	-60.288	126.115
1507	15.06000	89.691	-60.259	126.112
1508	15.07000	89.593	-60.252	126.129
1509	15.08000	89.505	-60.248	126.127
1510	15.09000	89.441	-60.231	126.126
1511	15.10000	89.363	-60.231	126.132
1512	15.11000	89.309	-60.206	126.129
1513	15.12000	89.221	-60.191	126.137
1514	15.13000	89.145	-60.180	126.137
1515	15.14000	89.066	-60.151	126.142
1516	15.15000	88.996	-60.166	126.151
1517	15.16000	88.916	-60.086	126.128
1518	15.17000	88.908	-60.134	126.144
1519	15.18000	88.801	-60.026	126.148
1520	15.19000	88.774	-60.022	126.144
1521	15.20000	88.748	-60.098	126.150
1522	15.21000	88.673	-60.015	126.126
1523	15.22000	88.629	-60.033	126.138
1524	15.23000	88.603	-59.995	126.148
1525	15.24000	88.536	-59.959	126.148
1526	15.25000	88.516	-59.991	126.158
1527	15.26000	88.485	-59.951	126.156
1528	15.27000	88.461	-59.937	126.154
1529	15.28000	88.414	-59.949	126.153
1530	15.29000	88.411	-59.930	126.150
1531	15.30000	88.378	-59.941	126.161
1532	15.31000	88.354	-59.960	126.180
1533	15.32000	88.317	-59.902	126.156
1534	15.33000	88.323	-59.898	126.159
1535	15.34000	88.300	-59.924	126.156
1536	15.35000	88.296	-59.906	126.157
1537	15.36000	88.293	-59.899	126.160
1538	15.37000	88.316	-59.935	126.173
1539	15.38000	88.256	-59.891	126.156
1540	15.39000	88.262	-59.887	126.162
1541	15.40000	88.271	-59.914	126.163
1542	15.41000	88.297	-59.940	126.174
1543	15.42000	88.269	-59.884	126.154
1544	15.43000	88.333	-59.924	126.174
1545	15.44000	88.338	-59.960	126.177
1546	15.45000	88.350	-59.965	126.173
1547	15.46000	88.321	-59.920	126.163
1548	15.47000	88.352	-59.909	126.152
1549	15.48000	88.436	-59.985	126.159
1550	15.49000	88.394	-59.924	126.157
1551	15.50000	88.423	-59.923	126.145
1552	15.51000	88.488	-59.992	126.174
1553	15.52000	88.479	-59.955	126.156
1554	15.53000	88.520	-59.959	126.152
1555	15.54000	88.613	-60.020	126.171
1556	15.55000	88.589	-59.983	126.158
1557	15.56000	88.638	-60.008	126.126
1558	15.57000	88.688	-59.991	126.145
1559	15.58000	88.727	-60.005	126.146
1560	15.59000	88.775	-60.018	126.116
1561	15.60000	88.807	-60.023	126.135
1562	15.61000	88.913	-60.078	126.146
1563	15.62000	88.894	-60.061	126.124
1564	15.63000	88.953	-60.082	126.118
1565	15.64000	89.042	-60.137	126.137
1566	15.65000	89.139	-60.127	126.117
1567	15.66000	89.205	-60.134	126.120
1568	15.67000	89.262	-60.166	126.124
1569	15.68000	89.345	-60.162	126.117
1570	15.69000	89.415	-60.198	126.121
1571	15.70000	89.445	-60.165	126.091
1572	15.71000	89.520	-60.220	126.114
1573	15.72000	89.617	-60.227	126.112
1574	15.73000	89.716	-60.234	126.092
1575	15.74000	89.751	-60.241	126.100
1576	15.75000	89.862	-60.259	126.096
1577	15.76000	89.925	-60.288	126.103
1578	15.77000	90.010	-60.325	126.095
1579	15.78000	90.137	-60.314	126.070
1580	15.79000	90.193	-60.346	126.074
1581	15.80000	90.307	-60.365	126.078
1582	15.81000	90.405	-60.361	126.059
1583	15.82000	90.490	-60.426	126.072
1584	15.83000	90.573	-60.440	126.076
1585	15.84000	90.670	-60.458	126.068
1586	15.85000	90.774	-60.502	126.073
1587	15.86000	90.896	-60.523	126.081
1588	15.87000	90.993	-60.559	126.092
1589	15.88000	91.087	-60.581	126.101
1590	15.89000	91.198	-60.599	126.089
1591	15.90000	91.274	-60.650	126.104
1592	15.91000	91.400	-60.741	126.131
1593	15.92000	91.495	-60.753	126.138
1594	15.93000	91.592	-60.760	126.137
1595	15.94000	91.705	-60.767	126.127
1596	15.95000	91.787	-60.803	126.135
1597	15.96000	91.914	-60.804	126.131
1598	15.97000	91.974	-60.855	126.135
1599	15.98000	92.129	-60.946	126.149
1600	15.99000	92.252	-60.996	126.166
1601	16.00000	92.348	-60.997	126.171
1602	16.01000	92.451	-61.012	126.163
1603	16.02000	92.567	-61.056	126.148
1604	16.03000	92.699	-61.053	126.144
1605	16.04000	92.783	-61.078	126.139
1606	16.05000	92.902	-61.111	126.137
1607	16.06000	92.998	-61.141	126.139
1608	16.07000	93.115	-61.156	126.139
1609	16.08000	93.239	-61.185	126.133
1610	16.09000	93.334	-61.214	126.131
1611	16.10000	93.460	-61.204	126.107
1612	16.11000	93.572	-61.223	126.103
1613	16.12000	93.699	-61.242	126.095
1614	16.13000	93.791	-61.282	126.099
1615	16.14000	93.900	-61.282	126.092
1616	16.15000	94.000	-61.308	126.090
1617	16.16000	94.122	-61.319	126.085
1618	16.17000	94.206	-61.334	126.081
1619	16.18000	94.311	-61.367	126.080
1620	16.19000	94.427	-61.422	126.083
1621	16.20000	94.520	-61.422	126.088
1622	16.21000	94.617	-61.458	126.088
1623	16.22000	94.737	-61.491	126.098
1624	16.23000	94.820	-61.477	126.081
1625	16.24000	94.925	-61.499	126.082
1626	16.25000	95.050	-61.551	126.096
1627	16.26000	95.163	-61.593	126.111
1628	16.27000	95.255	-61.610	126.100
1629	16.28000	95.338	-61.619	126.099
1630	16.29000	95.434	-61.626	126.102
1631	16.30000	95.523	-61.653	126.096
1632	16.31000	95.615	-61.700	126.067
1633	16.32000	95.745	-61.708	126.069
1634	16.33000	95.797	-61.734	126.072
1635	16.34000	95.970	-61.843	126.124
1636	16.35000	96.096	-61.873	126.126
1637	16.36000	96.134	-61.881	126.134
1638	16.37000	96.222	-61.892	126.130
1639	16.38000	96.317	-61.915	126.143
1640	16.39000	96.408	-61.921	126.129
1641	16.40000	96.484	-61.966	126.151
1642	16.41000	96.571	-61.982	126.143
1643	16.42000	96.643	-61.969	126.143
1644	16.43000	96.743	-61.995	126.141
1645	16.44000	96.783	-62.022	126.140
1646	16.45000	96.892	-62.057	126.136
1647	16.46000	96.957	-62.059	126.119
1648	16.47000	97.002	-62.071	126.124
1649	16.48000	97.086	-62.057	126.119
1650	16.49000	97.157	-62.089	126.123
1651	16.50000	97.200	-62.071	126.118
1652	16.51000	97.290	-62.094	126.116
1653	16.52000	97.352	-62.106	126.113
1654	16.53000	97.392	-62.121	126.122
1655	16.54000	97.460	-62.118	126.112
1656	16.55000	97.522	-62.147	126.111
1657	16.56000	97.549	-62.169	126.114
1658	16.57000	97.601	-62.166	126.116
1659	16.58000	97.640	-62.192	126.120
1660	16.59000	97.679	-62.195	126.115
1661	16.60000	97.737	-62.189	126.105
1662	16.61000	97.768	-62.218	126.117
1663	16.62000	97.832	-62.207	126.113
1664	16.63000	97.875	-62.230	126.104
1665	16.64000	97.896	-62.226	126.111
1666	16.65000	97.928	-62.244	126.113
1667	16.66000	97.976	-62.245	126.112
1668	16.67000	97.975	-62.244	126.116
1669	16.68000	98.031	-62.249	126.100
1670	16.69000	98.041	-62.252	126.108
1671	16.70000	98.056	-62.281	126.109
1672	16.71000	98.083	-62.286	126.109
1673	16.72000	98.115	-62.286	126.115
1674	16.73000	98.118	-62.293	126.113
1675	16.74000	98.143	-62.297	126.113
1676	16.75000	98.127	-62.308	126.111
1677	16.76000	98.143	-62.297	126.109
1678	16.77000	98.153	-62.301	126.117
1679	16.78000	98.168	-62.312	126.115
1680	16.79000	98.175	-62.297	126.112
1681	16.80000	98.175	-62.297	126.112
1682	16.81000	98.171	-62.319	126.120
1683	16.82000	98.156	-62.290	126.119
1684	16.83000	98.154	-62.301	126.113
1685	16.84000	98.154	-62.301	126.113
1686	16.85000	98.129	-62.315	126.112
1687	16.86000	98.114	-62.326	126.126
1688	16.87000	98.109	-62.318	126.121
1689	16.88000	98.114	-62.298	126.106
1690	16.89000	98.082	-62.297	126.114
1691	16.90000	98.081	-62.296	126.118
1692	16.91000	98.052	-62.285	126.113
1693	16.92000	98.025	-62.275	126.112
1694	16.93000	98.015	-62.288	126.119
1695	16.94000	97.977	-62.274	126.117
1696	16.95000	97.952	-62.270	126.117
1697	16.96000	97.917	-62.251	126.115
1698	16.97000	97.881	-62.255	126.113
1699	16.98000	97.833	-62.236	126.118
1700	16.99000	97.808	-62.233	126.118
1701	17.00000	97.768	-62.218	126.117
1702	17.01000	97.744	-62.214	126.113
1703	17.02000	97.702	-62.210	126.117
1704	17.03000	97.640	-62.192	126.108
1705	17.04000	97.616	-62.177	126.114
1706	17.05000	97.574	-62.184	126.116
1707	17.06000	97.501	-62.150	126.116
1708	17.07000	97.461	-62.175	126.129
1709	17.08000	97.402	-62.153	126.123
1710	17.09000	97.352	-62.117	126.107
1711	17.10000	97.296	-62.102	126.117
1712	17.11000	97.214	-62.122	126.131
1713	17.12000	97.161	-62.097	126.124
1714	17.13000	97.107	-62.093	126.121
1715	17.14000	97.052	-62.078	126.127
1716	17.15000	96.973	-62.060	126.130
1717	17.16000	96.938	-62.052	126.126
1718	17.17000	96.860	-62.034	126.125
1719	17.18000	96.809	-62.015	126.127
1720	17.19000	96.683	-61.962	126.117
1721	17.20000	96.653	-62.002	126.125
1722	17.21000	96.573	-61.983	126.143
1723	17.22000	96.518	-61.968	126.142
1724	17.23000	96.424	-61.956	126.139
1725	17.24000	96.349	-61.933	126.137
1726	17.25000	96.257	-61.922	126.134
1727	17.26000	96.184	-61.900	126.143
1728	17.27000	96.047	-61.849	126.112
1729	17.28000	96.015	-61.854	126.129
1730	17.29000	95.923	-61.842	126.141
1731	17.30000	95.860	-61.830	126.125
1732	17.31000	95.717	-61.748	126.115
1733	17.32000	95.625	-61.715	126.089
1734	17.33000	95.555	-61.677	126.076
1735	17.34000	95.459	-61.652	126.106
1736	17.35000	95.355	-61.647	126.112
1737	17.36000	95.271	-61.622	126.106
1738	17.37000	95.198	-61.578	126.088
1739	17.38000	95.113	-61.529	126.075
1740	17.39000	95.001	-61.539	126.087
1741	17.40000	94.922	-61.503	126.091
1742	17.41000	94.823	-61.495	126.092
1743	17.42000	94.740	-61.470	126.094
1744	17.43000	94.662	-61.458	126.094
1745	17.44000	94.558	-61.447	126.103
1746	17.45000	94.467	-61.425	126.101
1747	17.46000	94.370	-61.389	126.082
1748	17.47000	94.305	-61.359	126.087
1749	17.48000	94.223	-61.334	126.085
1750	17.49000	94.136	-61.319	126.081
1751	17.50000	94.046	-61.297	126.087
1752	17.51000	93.942	-61.275	126.086
1753	17.52000	93.880	-61.263	126.090
1754	17.53000	93.778	-61.260	126.100
1755	17.54000	93.686	-61.220	126.095
1756	17.55000	93.586	-61.234	126.108
1757	17.56000	93.495	-61.200	126.109
1758	17.57000	93.420	-61.189	126.117
1759	17.58000	93.307	-61.181	126.122
1760	17.59000	93.221	-61.166	126.134
1761	17.60000	93.133	-61.134	126.134
1762	17.61000	93.062	-61.130	126.132
1763	17.62000	92.944	-61.104	126.138
1764	17.63000	92.854	-61.082	126.149
1765	17.64000	92.741	-61.012	126.117
1766	17.65000	92.701	-61.031	126.140
1767	17.66000	92.610	-61.020	126.141
1768	17.67000	92.504	-61.026	126.164
1769	17.68000	92.455	-61.008	126.151
1770	17.69000	92.330	-60.917	126.131
1771	17.70000	92.284	-60.968	126.161
1772	17.71000	92.219	-60.932	126.156
1773	17.72000	92.108	-60.936	126.195
1774	17.73000	91.984	-60.853	126.126
1775	17.74000	91.957	-60.876	126.166
1776	17.75000	91.836	-60.803	126.145
1777	17.76000	91.774	-60.792	126.141
1778	17.77000	91.681	-60.781	126.138
1779	17.78000	91.620	-60.753	126.135
1780	17.79000	91.570	-60.752	126.136
1781	17.80000	91.490	-60.705	126.126
1782	17.81000	91.424	-60.682	126.109
1783	17.82000	91.341	-60.646	126.090
1784	17.83000	91.284	-60.654	126.104
1785	17.84000	91.229	-60.628	126.097
1786	17.85000	91.146	-60.592	126.089
1787	17.86000	91.097	-60.614	126.099
1788	17.87000	91.041	-60.570	126.100
1789	17.88000	90.993	-60.570	126.094
1790	17.89000	90.916	-60.570	126.104
1791	17.90000	90.842	-60.526	126.083
1792	17.91000	90.813	-60.487	126.081
1793	17.92000	90.750	-60.505	126.074
1794	17.93000	90.701	-60.480	126.083
1795	17.94000	90.656	-60.447	126.078
1796	17.95000	90.612	-60.425	126.072
1797	17.96000	90.563	-60.436	126.068
1798	17.97000	90.523	-60.415	126.073
1799	17.98000	90.465	-60.382	126.076
1800	17.99000	90.428	-60.386	126.074
1801	18.00000	90.391	-60.390	126.080
1802	18.01000	90.339	-60.382	126.076
1803	18.02000	90.299	-60.368	126.071
1804	18.03000	90.285	-60.368	126.075
1805	18.04000	90.207	-60.385	126.096
1806	18.05000	90.181	-60.382	126.092
1807	18.06000	90.164	-60.335	126.077
1808	18.07000	90.123	-60.349	126.088
1809	18.08000	90.098	-60.345	126.100
1810	18.09000	90.088	-60.353	126.094
1811	18.10000	90.078	-60.321	126.085
1812	18.11000	90.038	-60.335	126.092
1813	18.12000	90.019	-60.328	126.091
1814	18.13000	89.993	-60.324	126.099
1815	18.14000	89.958	-60.334	126.106
1816	18.15000	89.968	-60.321	126.099
1817	18.16000	89.948	-60.313	126.102
1818	18.17000	89.939	-60.327	126.105
1819	18.18000	89.935	-60.320	126.096
1820	18.19000	89.923	-60.339	126.104
1821	18.20000	89.928	-60.306	126.098
1822	18.21000	89.927	-60.317	126.104
1823	18.22000	89.944	-60.295	126.096
1824	18.23000	89.952	-60.292	126.091
1825	18.24000	89.927	-60.305	126.109
1826	18.25000	89.938	-60.321	126.100
1827	18.26000	89.947	-60.324	126.112
1828	18.27000	89.959	-60.317	126.103
1829	18.28000	89.982	-60.331	126.101
1830	18.29000	89.982	-60.331	126.101
1831	18.30000	90.031	-60.321	126.086
1832	18.31000	89.994	-60.353	126.104
1833	18.32000	90.017	-60.339	126.097
1834	18.33000	90.033	-60.339	126.101
1835	18.34000	90.058	-60.342	126.093
1836	18.35000	90.089	-60.353	126.102
1837	18.36000	90.111	-60.368	126.088
1838	18.37000	90.133	-60.352	126.096
1839	18.38000	90.161	-60.357	126.100
1840	18.39000	90.170	-60.372	126.095
1841	18.40000	90.226	-60.386	126.088
1842	18.41000	90.267	-60.379	126.078
1843	18.42000	90.288	-60.375	126.084
1844	18.43000	90.367	-60.364	126.061
1845	18.44000	90.385	-60.393	126.077
1846	18.45000	90.438	-60.379	126.069
1847	18.46000	90.486	-60.408	126.073
1848	18.47000	90.517	-60.396	126.066
1849	18.48000	90.547	-60.418	126.077
1850	18.49000	90.596	-60.425	126.069
1851	18.50000	90.636	-60.439	126.074
1852	18.51000	90.684	-60.429	126.063
1853	18.52000	90.747	-60.457	126.070
1854	18.53000	90.790	-60.490	126.074
1855	18.54000	90.865	-60.523	126.086
1856	18.55000	90.896	-60.523	126.085
1857	18.56000	90.968	-60.566	126.098
1858	18.57000	91.026	-60.559	126.087
1859	18.58000	91.075	-60.588	126.099
1860	18.59000	91.127	-60.585	126.089
1861	18.60000	91.189	-60.596	126.093
1862	18.61000	91.246	-60.617	126.099
1863	18.62000	91.313	-60.669	126.129
1864	18.63000	91.369	-60.656	126.102
1865	18.64000	91.434	-60.691	126.125
1866	18.65000	91.536	-60.779	126.157
1867	18.66000	91.565	-60.756	126.137
1868	18.67000	91.637	-60.771	126.141
1869	18.68000	91.677	-60.774	126.137
1870	18.69000	91.754	-60.785	126.140
1871	18.70000	91.821	-60.826	126.153
1872	18.71000	91.899	-60.866	126.169
1873	18.72000	91.950	-60.822	126.153
1874	18.73000	92.052	-60.899	126.178
1875	18.74000	92.140	-60.927	126.154
1876	18.75000	92.223	-60.974	126.160
1877	18.76000	92.303	-60.946	126.160
1878	18.77000	92.342	-61.001	126.161
1879	18.78000	92.434	-60.983	126.151
1880	18.79000	92.483	-61.001	126.157
1881	18.80000	92.581	-60.998	126.146
1882	18.81000	92.645	-61.027	126.149
1883	18.82000	92.736	-61.038	126.141
1884	18.83000	92.793	-61.071	126.141
1885	18.84000	92.866	-61.075	126.132
1886	18.85000	92.934	-61.111	126.148
1887	18.86000	93.014	-61.101	126.136
1888	18.87000	93.105	-61.152	126.142
1889	18.88000	93.180	-61.163	126.138
1890	18.89000	93.268	-61.167	126.121
1891	18.90000	93.329	-61.190	126.119
1892	18.91000	93.404	-61.189	126.117
1893	18.92000	93.471	-61.197	126.109
1894	18.93000	93.558	-61.212	126.101
1895	18.94000	93.649	-61.223	126.101
1896	18.95000	93.726	-61.252	126.104
1897	18.96000	93.810	-61.231	126.090
1898	18.97000	93.861	-61.256	126.097
1899	18.98000	93.950	-61.278	126.090
1900	18.99000	94.014	-61.279	126.093
1901	19.00000	94.068	-61.293	126.082
1902	19.01000	94.159	-61.304	126.089
1903	19.02000	94.210	-61.352	126.096
1904	19.03000	94.302	-61.352	126.097
1905	19.04000	94.394	-61.363	126.077
1906	19.05000	94.425	-61.392	126.089
1907	19.06000	94.499	-61.414	126.095
1908	19.07000	94.556	-61.418	126.086
1909	19.08000	94.650	-61.448	126.093
1910	19.09000	94.677	-61.481	126.094
1911	19.10000	94.759	-61.488	126.100
1912	19.11000	94.871	-61.540	126.122
1913	19.12000	94.916	-61.507	126.084
1914	19.13000	94.956	-61.510	126.091
1915	19.14000	95.017	-61.562	126.098
1916	19.15000	95.118	-61.548	126.093
1917	19.16000	95.150	-61.566	126.092
1918	19.17000	95.220	-61.574	126.099
1919	19.18000	95.308	-61.619	126.108
1920	19.19000	95.353	-61.619	126.099
1921	19.20000	95.388	-61.637	126.109
1922	19.21000	95.493	-61.675	126.124
1923	19.22000	95.520	-61.687	126.098
1924	19.23000	95.588	-61.696	126.079
1925	19.24000	95.645	-61.755	126.122
1926	19.25000	95.741	-61.814	126.153
1927	19.26000	95.779	-61.760	126.119
1928	19.27000	95.881	-61.838	126.137
1929	19.28000	95.933	-61.846	126.133
1930	19.29000	95.956	-61.786	126.126
1931	19.30000	96.018	-61.861	126.134
1932	19.31000	96.058	-61.876	126.135
1933	19.32000	96.127	-61.873	126.137
1934	19.33000	96.187	-61.884	126.133
1935	19.34000	96.211	-61.898	126.143
1936	19.35000	96.262	-61.900	126.145
1937	19.36000	96.290	-61.911	126.143
1938	19.37000	96.318	-61.933	126.149
1939	19.38000	96.356	-61.948	126.136
1940	19.39000	96.424	-61.926	126.145
1941	19.40000	96.458	-61.934	126.138
1942	19.41000	96.487	-61.945	126.139
1943	19.42000	96.513	-61.960	126.145
1944	19.43000	96.575	-61.949	126.138
1945	19.44000	96.572	-61.971	126.141
1946	19.45000	96.610	-61.979	126.153
1947	19.46000	96.638	-61.990	126.147
1948	19.47000	96.648	-61.977	126.140
1949	19.48000	96.693	-61.988	126.133
1950	19.49000	96.665	-61.932	126.124
1951	19.50000	96.725	-61.988	126.136
1952	19.51000	96.735	-62.010	126.140
1953	19.52000	96.778	-62.014	126.143
1954	19.53000	96.779	-62.021	126.129
1955	19.54000	96.768	-61.977	126.122
1956	19.55000	96.793	-62.014	126.143
1957	19.56000	96.841	-62.015	126.126
1958	19.57000	96.824	-62.032	126.133
1959	19.58000	96.834	-62.029	126.140
1960	19.59000	96.858	-62.022	126.131
1961	19.60000	96.832	-62.029	126.140
1962	19.61000	96.849	-62.030	126.128
1963	19.62000	96.863	-62.029	126.136
1964	19.63000	96.858	-62.033	126.140
1965	19.64000	96.855	-62.044	126.135
1966	19.65000	96.858	-62.033	126.125
1967	19.66000	96.825	-62.043	126.143
1968	19.67000	96.846	-62.040	126.138
1969	19.68000	96.846	-62.029	126.136
1970	19.69000	96.827	-62.033	126.137
1971	19.70000	96.828	-62.010	126.141
1972	19.71000	96.813	-62.010	126.142
1973	19.72000	96.798	-62.022	126.140
1974	19.73000	96.803	-62.036	126.131
1975	19.74000	96.782	-61.999	126.137
1976	19.75000	96.740	-62.005	126.150
1977	19.76000	96.723	-62.010	126.144
1978	19.77000	96.729	-61.984	126.132
1979	19.78000	96.685	-61.962	126.137
1980	19.79000	96.680	-61.977	126.132
1981	19.80000	96.627	-61.969	126.139
1982	19.81000	96.628	-61.975	126.129
1983	19.82000	96.578	-61.997	126.142
1984	19.83000	96.548	-61.939	126.148
1985	19.84000	96.524	-61.953	126.140
1986	19.85000	96.513	-61.961	126.133
1987	19.86000	96.477	-61.935	126.145
1988	19.87000	96.460	-61.923	126.140
1989	19.88000	96.404	-61.919	126.137
1990	19.89000	96.374	-61.908	126.132
1991	19.90000	96.351	-61.922	126.143
1992	19.91000	96.301	-61.892	126.135
1993	19.92000	96.243	-61.899	126.142
1994	19.93000	96.185	-61.833	126.097
1995	19.94000	96.166	-61.865	126.127
1996	19.95000	96.117	-61.886	126.139
1997	19.96000	96.049	-61.810	126.105
1998	19.97000	96.040	-61.868	126.142
1999	19.98000	95.984	-61.842	126.139
2000	19.99000	95.920	-61.852	126.143
