2	0.01000	91.671	-59.767	126.245
3	0.02000	93.054	-60.042	126.241
4	0.03000	94.408	-60.349	126.256
5	0.04000	95.723	-60.543	126.203
6	0.05000	97.037	-60.837	126.195
7	0.06000	98.422	-61.135	126.208
8	0.07000	99.704	-61.377	126.196
9	0.08000	100.985	-61.628	126.132
10	0.09000	102.331	-61.896	126.193
11	0.10000	103.556	-62.147	126.208
12	0.11000	104.741	-62.403	126.179
13	0.12000	106.092	-62.689	126.216
14	0.13000	107.314	-62.883	126.223
15	0.14000	108.456	-63.090	126.176
16	0.15000	109.716	-63.384	126.183
17	0.16000	110.939	-63.637	126.239
18	0.17000	112.082	-63.811	126.187
19	0.18000	113.267	-64.043	126.175
20	0.19000	114.427	-64.381	126.256
21	0.20000	115.535	-64.539	126.268
22	0.21000	116.615	-64.755	126.195
23	0.22000	117.750	-65.083	126.294
24	0.23000	118.800	-65.288	126.309
25	0.24000	119.806	-65.478	126.272
26	0.25000	120.924	-65.744	126.293
27	0.26000	121.898	-65.991	126.367
28	0.27000	122.853	-66.116	126.371
29	0.28000	123.805	-66.284	126.371
30	0.29000	124.805	-66.600	126.400
31	0.30000	125.770	-66.835	126.416
32	0.31000	126.618	-67.008	126.423
33	0.32000	127.505	-67.258	126.463
34	0.33000	128.344	-67.478	126.445
35	0.34000	129.186	-67.681	126.485
36	0.35000	129.985	-67.820	126.503
37	0.36000	130.787	-68.050	126.546
38	0.37000	131.520	-68.239	126.563
39	0.38000	132.303	-68.416	126.570
40	0.39000	133.051	-68.631	126.561
41	0.40000	133.742	-68.857	126.606
42	0.41000	134.366	-69.042	126.629
43	0.42000	134.953	-69.171	126.640
44	0.43000	135.533	-69.349	126.655
45	0.44000	136.166	-69.558	126.694
46	0.45000	136.801	-69.780	126.704
47	0.46000	137.288	-69.919	126.719
48	0.47000	137.796	-70.026	126.724
49	0.48000	138.343	-70.141	126.699
50	0.49000	138.826	-70.238	126.706
51	0.50000	139.198	-70.408	126.733
52	0.51000	139.595	-70.554	126.758
53	0.52000	139.981	-70.719	126.795
54	0.53000	140.381	-70.856	126.799
55	0.54000	140.763	-71.019	126.836
56	0.55000	141.045	-71.114	126.824
57	0.56000	141.311	-71.232	126.813
58	0.57000	141.622	-71.305	126.824
59	0.58000	141.750	-71.465	126.834
60	0.59000	141.988	-71.534	126.841
61	0.60000	142.158	-71.595	126.849
62	0.61000	142.294	-71.687	126.851
63	0.62000	142.406	-71.740	126.851
64	0.63000	142.505	-71.774	126.843
65	0.64000	142.578	-71.872	126.863
66	0.65000	142.639	-71.907	126.856
67	0.66000	142.652	-71.960	126.862
68	0.67000	142.652	-71.990	126.871
69	0.68000	142.615	-72.014	126.872
70	0.69000	142.613	-72.048	126.882
71	0.70000	142.529	-72.050	126.876
72	0.71000	142.428	-72.068	126.881
73	0.72000	142.288	-72.086	126.883
74	0.73000	142.114	-72.070	126.872
75	0.74000	141.974	-72.104	126.881
76	0.75000	141.767	-72.073	126.883
77	0.76000	141.550	-72.073	126.891
78	0.77000	141.328	-72.058	126.893
79	0.78000	141.059	-72.028	126.892
80	0.79000	140.751	-71.910	126.863
81	0.80000	140.385	-71.790	126.819
82	0.81000	140.027	-71.714	126.793
83	0.82000	139.681	-71.684	126.799
84	0.83000	139.287	-71.638	126.802
85	0.84000	138.852	-71.556	126.800
86	0.85000	138.420	-71.476	126.787
87	0.86000	138.002	-71.397	126.785
88	0.87000	137.539	-71.273	126.783
89	0.88000	137.006	-71.139	126.721
90	0.89000	136.537	-70.945	126.689
91	0.90000	135.987	-70.814	126.670
92	0.91000	135.448	-70.664	126.673
93	0.92000	134.897	-70.562	126.682
94	0.93000	134.314	-70.383	126.624
95	0.94000	133.679	-70.211	126.592
96	0.95000	133.159	-69.991	126.576
97	0.96000	132.464	-69.816	126.556
98	0.97000	131.806	-69.641	126.554
99	0.98000	131.182	-69.458	126.539
100	0.99000	130.489	-69.287	126.508
101	1.00000	129.826	-68.973	126.456
102	1.01000	129.097	-68.811	126.451
103	1.02000	128.391	-68.619	126.432
104	1.03000	127.671	-68.432	126.450
105	1.04000	126.934	-68.236	126.420
106	1.05000	126.221	-67.939	126.392
107	1.06000	125.402	-67.715	126.348
108	1.07000	124.661	-67.506	126.339
109	1.08000	123.848	-67.280	126.341
110	1.09000	123.101	-66.996	126.324
111	1.10000	122.275	-66.728	126.269
112	1.11000	121.464	-66.483	126.240
113	1.12000	120.614	-66.251	126.243
114	1.13000	119.768	-66.046	126.272
115	1.14000	118.958	-65.760	126.222
116	1.15000	118.083	-65.494	126.185
117	1.16000	117.235	-65.304	126.195
118	1.17000	116.370	-65.043	126.201
119	1.18000	115.521	-64.776	126.163
120	1.19000	114.655	-64.479	126.121
121	1.20000	113.718	-64.234	126.132
122	1.21000	112.863	-64.030	126.144
123	1.22000	111.976	-63.698	126.131
124	1.23000	111.038	-63.443	126.064
125	1.24000	110.098	-63.210	126.066
126	1.25000	109.196	-63.039	126.079
127	1.26000	108.328	-62.658	126.069
128	1.27000	107.511	-62.495	126.065
129	1.28000	106.505	-62.208	126.034
130	1.29000	105.572	-62.008	126.035
131	1.30000	104.730	-61.753	126.035
132	1.31000	103.813	-61.487	126.017
133	1.32000	102.863	-61.314	126.039
134	1.33000	101.985	-61.044	126.024
135	1.34000	101.110	-60.811	126.002
136	1.35000	100.182	-60.558	125.999
137	1.36000	99.170	-60.380	125.999
138	1.37000	98.313	-60.088	126.007
139	1.38000	97.393	-59.873	125.976
140	1.39000	96.448	-59.683	126.011
141	1.40000	95.530	-59.528	126.025
142	1.41000	94.680	-59.240	126.007
143	1.42000	93.780	-59.004	125.968
144	1.43000	92.841	-58.822	125.986
145	1.44000	91.954	-58.695	126.032
146	1.45000	91.162	-58.449	126.047
147	1.46000	90.195	-58.201	125.997
148	1.47000	89.308	-58.011	126.005
149	1.48000	88.414	-57.847	126.022
150	1.49000	87.652	-57.657	126.039
151	1.50000	86.811	-57.554	126.088
152	1.51000	85.881	-57.327	126.050
153	1.52000	85.040	-57.170	126.052
154	1.53000	84.265	-56.963	126.081
155	1.54000	83.419	-56.836	126.100
156	1.55000	82.615	-56.689	126.138
157	1.56000	81.796	-56.578	126.171
158	1.57000	81.000	-56.349	126.121
159	1.58000	80.234	-56.202	126.134
160	1.59000	79.428	-56.060	126.158
161	1.60000	78.683	-55.962	126.195
162	1.61000	77.876	-55.799	126.192
163	1.62000	77.180	-55.618	126.206
164	1.63000	76.439	-55.514	126.215
165	1.64000	75.717	-55.348	126.225
166	1.65000	75.005	-55.243	126.260
167	1.66000	74.326	-55.134	126.274
168	1.67000	73.686	-55.060	126.313
169	1.68000	73.033	-54.893	126.317
170	1.69000	72.340	-54.765	126.305
171	1.70000	71.710	-54.624	126.317
172	1.71000	71.107	-54.515	126.321
173	1.72000	70.515	-54.460	126.366
174	1.73000	69.981	-54.335	126.401
175	1.74000	69.413	-54.272	126.447
176	1.75000	68.846	-54.182	126.474
177	1.76000	68.252	-54.006	126.447
178	1.77000	67.710	-53.911	126.426
179	1.78000	67.188	-53.810	126.441
180	1.79000	66.746	-53.683	126.473
181	1.80000	66.269	-53.573	126.485
182	1.81000	65.790	-53.526	126.516
183	1.82000	65.383	-53.440	126.538
184	1.83000	64.987	-53.358	126.545
185	1.84000	64.557	-53.288	126.567
186	1.85000	64.150	-53.254	126.602
187	1.86000	63.746	-53.187	126.620
188	1.87000	63.333	-53.046	126.586
189	1.88000	62.990	-52.965	126.600
190	1.89000	62.649	-52.887	126.594
191	1.90000	62.391	-52.788	126.598
192	1.91000	62.113	-52.717	126.610
193	1.92000	61.838	-52.664	126.615
194	1.93000	61.603	-52.584	126.617
195	1.94000	61.349	-52.566	126.649
196	1.95000	61.147	-52.514	126.651
197	1.96000	60.936	-52.498	126.675
198	1.97000	60.765	-52.433	126.678
199	1.98000	60.591	-52.400	126.694
200	1.99000	60.397	-52.339	126.709
201	2.00000	60.278	-52.279	126.707
202	2.01000	60.132	-52.240	126.709
203	2.02000	60.062	-52.217	126.723
204	2.03000	59.955	-52.105	126.688
205	2.04000	59.902	-52.089	126.687
206	2.05000	59.869	-52.045	126.685
207	2.06000	59.826	-52.014	126.685
208	2.07000	59.825	-51.974	126.686
209	2.08000	59.819	-51.949	126.682
210	2.09000	59.841	-51.945	126.677
211	2.10000	59.878	-51.928	126.684
212	2.11000	59.951	-51.917	126.684
213	2.12000	60.022	-51.888	126.672
214	2.13000	60.106	-51.891	126.666
215	2.14000	60.225	-51.900	126.667
216	2.15000	60.366	-51.893	126.665
217	2.16000	60.518	-51.901	126.650
218	2.17000	60.668	-51.930	126.661
219	2.18000	60.871	-51.949	126.646
220	2.19000	61.073	-51.944	126.634
221	2.20000	61.327	-52.017	126.650
222	2.21000	61.541	-52.005	126.640
223	2.22000	61.809	-52.005	126.616
224	2.23000	62.056	-52.070	126.649
225	2.24000	62.356	-52.097	126.632
226	2.25000	62.574	-52.093	126.597
227	2.26000	62.877	-52.221	126.628
228	2.27000	63.200	-52.250	126.618
229	2.28000	63.504	-52.313	126.599
230	2.29000	63.879	-52.359	126.575
231	2.30000	64.224	-52.407	126.552
232	2.31000	64.601	-52.482	126.541
233	2.32000	64.925	-52.502	126.506
234	2.33000	65.368	-52.587	126.506
235	2.34000	65.747	-52.645	126.507
236	2.35000	66.140	-52.744	126.488
237	2.36000	66.613	-52.890	126.512
238	2.37000	67.059	-52.976	126.516
239	2.38000	67.503	-53.058	126.496
240	2.39000	67.962	-53.157	126.475
241	2.40000	68.449	-53.249	126.447
242	2.41000	68.917	-53.396	126.430
243	2.42000	69.401	-53.493	126.411
244	2.43000	69.916	-53.611	126.407
245	2.44000	70.458	-53.721	126.389
246	2.45000	70.989	-53.851	126.394
247	2.46000	71.533	-54.017	126.440
248	2.47000	72.043	-54.142	126.406
249	2.48000	72.591	-54.262	126.397
250	2.49000	73.184	-54.370	126.358
251	2.50000	73.770	-54.493	126.330
252	2.51000	74.309	-54.646	126.331
253	2.52000	74.856	-54.836	126.315
254	2.53000	75.456	-54.980	126.360
255	2.54000	76.036	-55.159	126.376
256	2.55000	76.675	-55.320	126.360
257	2.56000	77.290	-55.462	126.334
258	2.57000	77.859	-55.635	126.335
259	2.58000	78.449	-55.821	126.298
260	2.59000	79.105	-55.939	126.279
261	2.60000	79.756	-56.107	126.280
262	2.61000	80.388	-56.324	126.329
263	2.62000	80.976	-56.534	126.316
264	2.63000	81.590	-56.709	126.308
265	2.64000	82.257	-56.823	126.280
266	2.65000	82.926	-56.985	126.245
267	2.66000	83.563	-57.170	126.239
268	2.67000	84.204	-57.407	126.295
269	2.68000	84.818	-57.612	126.323
270	2.69000	85.516	-57.770	126.287
271	2.70000	86.159	-57.919	126.271
272	2.71000	86.764	-58.086	126.255
273	2.72000	87.396	-58.308	126.240
274	2.73000	88.028	-58.479	126.232
275	2.74000	88.715	-58.636	126.204
276	2.75000	89.418	-58.820	126.261
277	2.76000	90.026	-59.007	126.276
278	2.77000	90.639	-59.226	126.254
279	2.78000	91.269	-59.388	126.241
280	2.79000	91.948	-59.542	126.206
281	2.80000	92.597	-59.736	126.198
282	2.81000	93.254	-59.948	126.262
283	2.82000	93.869	-60.146	126.279
284	2.83000	94.504	-60.303	126.269
285	2.84000	95.161	-60.423	126.225
286	2.85000	95.766	-60.604	126.228
287	2.86000	96.371	-60.746	126.224
288	2.87000	96.955	-60.949	126.209
289	2.88000	97.620	-61.136	126.246
290	2.89000	98.265	-61.304	126.276
291	2.90000	98.885	-61.431	126.255
292	2.91000	99.470	-61.569	126.247
293	2.92000	100.017	-61.726	126.264
294	2.93000	100.599	-61.910	126.238
295	2.94000	101.211	-62.058	126.255
296	2.95000	101.840	-62.191	126.241
297	2.96000	102.412	-62.365	126.287
298	2.97000	102.947	-62.515	126.303
299	2.98000	103.500	-62.615	126.290
300	2.99000	103.985	-62.764	126.265
301	3.00000	104.535	-62.888	126.257
302	3.01000	105.086	-63.006	126.228
303	3.02000	105.674	-63.172	126.273
304	3.03000	106.194	-63.307	126.290
305	3.04000	106.719	-63.404	126.317
306	3.05000	107.193	-63.494	126.320
307	3.06000	107.641	-63.579	126.285
308	3.07000	108.147	-63.701	126.270
309	3.08000	108.660	-63.825	126.256
310	3.09000	109.122	-63.899	126.253
311	3.10000	109.614	-64.048	126.313
312	3.11000	110.043	-64.162	126.337
313	3.12000	110.477	-64.225	126.356
314	3.13000	110.892	-64.323	126.363
315	3.14000	111.294	-64.411	126.330
316	3.15000	111.716	-64.489	126.314
317	3.16000	112.142	-64.547	126.286
318	3.17000	112.552	-64.610	126.276
319	3.18000	112.905	-64.712	126.304
320	3.19000	113.319	-64.827	126.341
321	3.20000	113.682	-64.894	126.351
322	3.21000	114.017	-64.989	126.383
323	3.22000	114.355	-65.052	126.401
324	3.23000	114.680	-65.081	126.394
325	3.24000	114.942	-65.154	126.370
326	3.25000	115.240	-65.178	126.356
327	3.26000	115.520	-65.247	126.353
328	3.27000	115.828	-65.270	126.327
329	3.28000	116.084	-65.312	126.324
330	3.29000	116.333	-65.369	126.320
331	3.30000	116.581	-65.385	126.313
332	3.31000	116.805	-65.430	126.335
333	3.32000	116.988	-65.465	126.344
334	3.33000	117.245	-65.553	126.373
335	3.34000	117.442	-65.583	126.381
336	3.35000	117.615	-65.625	126.392
337	3.36000	117.745	-65.627	126.393
338	3.37000	117.876	-65.658	126.411
339	3.38000	118.025	-65.656	126.414
340	3.39000	118.168	-65.669	126.402
341	3.40000	118.250	-65.679	126.413
342	3.41000	118.363	-65.669	126.397
343	3.42000	118.442	-65.679	126.405
344	3.43000	118.508	-65.688	126.405
345	3.44000	118.572	-65.669	126.400
346	3.45000	118.612	-65.674	126.400
347	3.46000	118.646	-65.694	126.403
348	3.47000	118.680	-65.691	126.405
349	3.48000	118.679	-65.691	126.401
350	3.49000	118.681	-65.651	126.387
351	3.50000	118.655	-65.657	126.392
352	3.51000	118.625	-65.645	126.391
353	3.52000	118.594	-65.655	126.389
354	3.53000	118.528	-65.627	126.386
355	3.54000	118.469	-65.632	126.396
356	3.55000	118.381	-65.636	126.399
357	3.56000	118.318	-65.645	126.379
358	3.57000	118.209	-65.593	126.384
359	3.58000	118.100	-65.595	126.368
360	3.59000	117.995	-65.563	126.372
361	3.60000	117.843	-65.535	126.359
362	3.61000	117.662	-65.529	126.374
363	3.62000	117.507	-65.494	126.356
364	3.63000	117.347	-65.433	126.342
365	3.64000	117.123	-65.365	126.308
366	3.65000	116.948	-65.367	126.320
367	3.66000	116.689	-65.261	126.285
368	3.67000	116.472	-65.223	126.292
369	3.68000	116.250	-65.178	126.289
370	3.69000	115.982	-65.137	126.288
371	3.70000	115.765	-65.099	126.302
372	3.71000	115.511	-65.058	126.343
373	3.72000	115.247	-64.972	126.327
374	3.73000	114.979	-64.989	126.360
375	3.74000	114.670	-64.945	126.332
376	3.75000	114.394	-64.878	126.324
377	3.76000	114.094	-64.824	126.322
378	3.77000	113.775	-64.764	126.315
379	3.78000	113.409	-64.622	126.261
380	3.79000	113.098	-64.543	126.235
381	3.80000	112.730	-64.491	126.247
382	3.81000	112.354	-64.414	126.247
383	3.82000	112.002	-64.351	126.256
384	3.83000	111.615	-64.275	126.295
385	3.84000	111.269	-64.221	126.305
386	3.85000	110.890	-64.138	126.296
387	3.86000	110.532	-64.115	126.309
388	3.87000	110.151	-64.009	126.281
389	3.88000	109.736	-63.947	126.277
390	3.89000	109.346	-63.906	126.279
391	3.90000	108.859	-63.691	126.208
392	3.91000	108.473	-63.623	126.222
393	3.92000	108.023	-63.502	126.220
394	3.93000	107.603	-63.369	126.242
395	3.94000	107.170	-63.364	126.267
396	3.95000	106.779	-63.290	126.264
397	3.96000	106.362	-63.252	126.276
398	3.97000	105.902	-63.135	126.256
399	3.98000	105.384	-62.950	126.199
400	3.99000	104.896	-62.846	126.194
401	4.00000	104.428	-62.742	126.238
402	4.01000	103.996	-62.648	126.248
403	4.02000	103.555	-62.556	126.244
404	4.03000	103.134	-62.444	126.239
405	4.04000	102.642	-62.374	126.244
406	4.05000	102.171	-62.290	126.257
407	4.06000	101.709	-62.158	126.239
408	4.07000	101.166	-61.977	126.246
409	4.08000	100.666	-61.781	126.194
410	4.09000	100.185	-61.716	126.215
411	4.10000	99.694	-61.580	126.208
412	4.11000	99.217	-61.483	126.228
413	4.12000	98.748	-61.391	126.240
414	4.13000	98.259	-61.279	126.253
415	4.14000	97.758	-61.147	126.255
416	4.15000	97.253	-60.974	126.224
417	4.16000	96.746	-60.773	126.172
418	4.17000	96.306	-60.727	126.203
419	4.18000	95.769	-60.537	126.189
420	4.19000	95.289	-60.426	126.199
421	4.20000	94.804	-60.335	126.223
422	4.21000	94.353	-60.230	126.256
423	4.22000	93.877	-60.111	126.241
424	4.23000	93.406	-59.937	126.194
425	4.24000	92.885	-59.779	126.166
426	4.25000	92.379	-59.621	126.161
427	4.26000	91.886	-59.496	126.180
428	4.27000	91.397	-59.339	126.190
429	4.28000	90.965	-59.254	126.230
430	4.29000	90.523	-59.121	126.231
431	4.30000	90.093	-58.992	126.229
432	4.31000	89.683	-58.895	126.216
433	4.32000	89.137	-58.653	126.148
434	4.33000	88.662	-58.566	126.170
435	4.34000	88.221	-58.440	126.177
436	4.35000	87.780	-58.310	126.198
437	4.36000	87.354	-58.207	126.204
438	4.37000	86.933	-58.102	126.202
439	4.38000	86.526	-58.007	126.217
440	4.39000	86.116	-57.905	126.231
441	4.40000	85.693	-57.799	126.256
442	4.41000	85.293	-57.690	126.261
443	4.42000	84.890	-57.582	126.243
444	4.43000	84.483	-57.467	126.243
445	4.44000	84.083	-57.286	126.204
446	4.45000	83.720	-57.153	126.181
447	4.46000	83.320	-57.074	126.183
448	4.47000	82.925	-57.009	126.215
449	4.48000	82.569	-56.923	126.230
450	4.49000	82.215	-56.816	126.234
451	4.50000	81.824	-56.780	126.274
452	4.51000	81.496	-56.682	126.302
453	4.52000	81.171	-56.586	126.307
454	4.53000	80.849	-56.485	126.296
455	4.54000	80.518	-56.377	126.256
456	4.55000	80.224	-56.338	126.255
457	4.56000	79.894	-56.190	126.236
458	4.57000	79.543	-56.131	126.252
459	4.58000	79.254	-56.060	126.248
460	4.59000	78.956	-56.025	126.263
461	4.60000	78.658	-55.940	126.269
462	4.61000	78.391	-55.893	126.277
463	4.62000	78.150	-55.838	126.306
464	4.63000	77.919	-55.753	126.307
465	4.64000	77.677	-55.704	126.310
466	4.65000	77.459	-55.640	126.321
467	4.66000	77.198	-55.602	126.346
468	4.67000	77.030	-55.556	126.335
469	4.68000	76.809	-55.520	126.351
470	4.69000	76.630	-55.471	126.345
471	4.70000	76.393	-55.442	126.343
472	4.71000	76.216	-55.427	126.350
473	4.72000	75.991	-55.294	126.323
474	4.73000	75.821	-55.287	126.343
475	4.74000	75.649	-55.269	126.353
476	4.75000	75.548	-55.253	126.345
477	4.76000	75.402	-55.193	126.316
478	4.77000	75.263	-55.202	126.342
479	4.78000	75.169	-55.177	126.325
480	4.79000	75.085	-55.159	126.340
481	4.80000	74.972	-55.133	126.335
482	4.81000	74.895	-55.141	126.335
483	4.82000	74.807	-55.123	126.342
484	4.83000	74.719	-55.110	126.339
485	4.84000	74.679	-55.108	126.348
486	4.85000	74.626	-55.113	126.350
487	4.86000	74.587	-55.099	126.357
488	4.87000	74.572	-55.089	126.352
489	4.88000	74.535	-55.082	126.348
490	4.89000	74.544	-55.119	126.362
491	4.90000	74.537	-55.111	126.349
492	4.91000	74.553	-55.140	126.350
493	4.92000	74.576	-55.165	126.357
494	4.93000	74.566	-55.190	126.350
495	4.94000	74.625	-55.193	126.345
496	4.95000	74.647	-55.229	126.354
497	4.96000	74.703	-55.270	126.367
498	4.97000	74.774	-55.266	126.356
499	4.98000	74.857	-55.311	126.369
500	4.99000	74.934	-55.319	126.368
501	5.00000	75.016	-55.370	126.359
502	5.01000	75.107	-55.396	126.353
503	5.02000	75.208	-55.441	126.350
504	5.03000	75.327	-55.476	126.348
505	5.04000	75.437	-55.502	126.349
506	5.05000	75.602	-55.552	126.341
507	5.06000	75.787	-55.597	126.354
508	5.07000	75.959	-55.717	126.396
509	5.08000	76.090	-55.677	126.358
510	5.09000	76.324	-55.778	126.388
511	5.10000	76.482	-55.815	126.389
512	5.11000	76.646	-55.779	126.366
513	5.12000	76.861	-55.909	126.397
514	5.13000	77.097	-55.922	126.380
515	5.14000	77.300	-55.986	126.370
516	5.15000	77.513	-56.025	126.354
517	5.16000	77.726	-56.093	126.351
518	5.17000	77.947	-56.157	126.344
519	5.18000	78.152	-56.222	126.333
520	5.19000	78.419	-56.269	126.318
521	5.20000	78.629	-56.330	126.314
522	5.21000	78.917	-56.349	126.301
523	5.22000	79.221	-56.380	126.281
524	5.23000	79.482	-56.431	126.274
525	5.24000	79.763	-56.499	126.273
526	5.25000	80.076	-56.647	126.308
527	5.26000	80.356	-56.664	126.287
528	5.27000	80.684	-56.765	126.322
529	5.28000	80.963	-56.834	126.325
530	5.29000	81.230	-56.858	126.325
531	5.30000	81.518	-56.931	126.294
532	5.31000	81.866	-57.036	126.294
533	5.32000	82.200	-57.096	126.275
534	5.33000	82.546	-57.138	126.252
535	5.34000	82.866	-57.211	126.243
536	5.35000	83.207	-57.257	126.222
537	5.36000	83.526	-57.319	126.219
538	5.37000	83.848	-57.409	126.233
539	5.38000	84.190	-57.496	126.245
540	5.39000	84.573	-57.613	126.265
541	5.40000	84.925	-57.748	126.290
542	5.41000	85.262	-57.748	126.260
543	5.42000	85.662	-57.862	126.268
544	5.43000	86.013	-57.953	126.258
545	5.44000	86.390	-57.986	126.225
546	5.45000	86.741	-58.067	126.221
547	5.46000	87.099	-58.121	126.201
548	5.47000	87.454	-58.209	126.206
549	5.48000	87.777	-58.268	126.199
550	5.49000	88.140	-58.388	126.193
551	5.50000	88.541	-58.464	126.175
552	5.51000	88.964	-58.565	126.184
553	5.52000	89.313	-58.634	126.194
554	5.53000	89.721	-58.736	126.207
555	5.54000	90.106	-58.881	126.233
556	5.55000	90.503	-58.953	126.215
557	5.56000	90.845	-59.049	126.221
558	5.57000	91.191	-59.119	126.200
559	5.58000	91.563	-59.170	126.168
560	5.59000	91.957	-59.269	126.158
561	5.60000	92.328	-59.338	126.144
562	5.61000	92.761	-59.474	126.155
563	5.62000	93.151	-59.600	126.189
564	5.63000	93.521	-59.674	126.192
565	5.64000	93.895	-59.766	126.216
566	5.65000	94.284	-59.881	126.241
567	5.66000	94.597	-59.936	126.203
568	5.67000	94.977	-60.061	126.191
569	5.68000	95.357	-60.117	126.171
570	5.69000	95.715	-60.177	126.159
571	5.70000	96.101	-60.253	126.143
572	5.71000	96.470	-60.347	126.137
573	5.72000	96.796	-60.458	126.147
574	5.73000	97.140	-60.518	126.156
575	5.74000	97.534	-60.717	126.218
576	5.75000	97.918	-60.815	126.236
577	5.76000	98.275	-60.877	126.206
578	5.77000	98.624	-60.986	126.208
579	5.78000	98.932	-61.029	126.195
580	5.79000	99.289	-61.097	126.174
581	5.80000	99.615	-61.175	126.171
582	5.81000	99.922	-61.270	126.172
583	5.82000	100.227	-61.335	126.167
584	5.83000	100.566	-61.402	126.166
585	5.84000	100.849	-61.499	126.171
586	5.85000	101.170	-61.588	126.182
587	5.86000	101.511	-61.764	126.203
588	5.87000	101.833	-61.836	126.211
589	5.88000	102.124	-61.943	126.214
590	5.89000	102.399	-62.020	126.232
591	5.90000	102.678	-62.042	126.216
592	5.91000	102.944	-62.082	126.212
593	5.92000	103.221	-62.166	126.216
594	5.93000	103.471	-62.258	126.218
595	5.94000	103.713	-62.312	126.221
596	5.95000	103.948	-62.364	126.216
597	5.96000	104.174	-62.440	126.219
598	5.97000	104.421	-62.485	126.205
599	5.98000	104.636	-62.529	126.211
600	5.99000	104.873	-62.605	126.191
601	6.00000	105.157	-62.762	126.226
602	6.01000	105.404	-62.823	126.234
603	6.02000	105.602	-62.889	126.248
604	6.03000	105.799	-62.938	126.259
605	6.04000	106.018	-63.001	126.261
606	6.05000	106.242	-63.037	126.254
607	6.06000	106.411	-63.080	126.257
608	6.07000	106.576	-63.128	126.268
609	6.08000	106.743	-63.142	126.259
610	6.09000	106.881	-63.145	126.252
611	6.10000	107.031	-63.199	126.258
612	6.11000	107.173	-63.192	126.245
613	6.12000	107.322	-63.216	126.238
614	6.13000	107.427	-63.229	126.230
615	6.14000	107.559	-63.247	126.237
616	6.15000	107.686	-63.268	126.238
617	6.16000	107.762	-63.281	126.234
618	6.17000	107.912	-63.347	126.242
619	6.18000	108.007	-63.407	126.257
620	6.19000	108.077	-63.361	126.228
621	6.20000	108.153	-63.425	126.249
622	6.21000	108.246	-63.376	126.219
623	6.22000	108.326	-63.437	126.231
624	6.23000	108.356	-63.472	126.221
625	6.24000	108.445	-63.467	126.207
626	6.25000	108.476	-63.480	126.204
627	6.26000	108.509	-63.487	126.209
628	6.27000	108.546	-63.496	126.213
629	6.28000	108.571	-63.477	126.201
630	6.29000	108.604	-63.479	126.205
631	6.30000	108.605	-63.467	126.199
632	6.31000	108.592	-63.485	126.210
633	6.32000	108.606	-63.497	126.212
634	6.33000	108.591	-63.456	126.197
635	6.34000	108.575	-63.455	126.205
636	6.35000	108.547	-63.432	126.206
637	6.36000	108.497	-63.413	126.204
638	6.37000	108.473	-63.409	126.200
639	6.38000	108.412	-63.407	126.209
640	6.39000	108.381	-63.407	126.213
641	6.40000	108.294	-63.326	126.213
642	6.41000	108.252	-63.338	126.208
643	6.42000	108.146	-63.266	126.222
644	6.43000	108.110	-63.321	126.244
645	6.44000	107.984	-63.260	126.232
646	6.45000	107.882	-63.173	126.212
647	6.46000	107.781	-63.156	126.223
648	6.47000	107.671	-63.175	126.241
649	6.48000	107.556	-63.147	126.235
650	6.49000	107.434	-63.104	126.235
651	6.50000	107.317	-63.087	126.235
652	6.51000	107.196	-63.074	126.236
653	6.52000	107.049	-63.067	126.242
654	6.53000	106.909	-63.017	126.241
655	6.54000	106.778	-63.000	126.249
656	6.55000	106.615	-62.993	126.256
657	6.56000	106.457	-62.948	126.248
658	6.57000	106.270	-62.898	126.240
659	6.58000	106.088	-62.871	126.256
660	6.59000	105.887	-62.822	126.252
661	6.60000	105.664	-62.718	126.221
662	6.61000	105.489	-62.741	126.237
663	6.62000	105.218	-62.573	126.180
664	6.63000	105.033	-62.534	126.198
665	6.64000	104.768	-62.454	126.202
666	6.65000	104.580	-62.392	126.204
667	6.66000	104.362	-62.352	126.199
668	6.67000	104.125	-62.300	126.212
669	6.68000	103.912	-62.245	126.204
670	6.69000	103.708	-62.206	126.206
671	6.70000	103.480	-62.141	126.201
672	6.71000	103.234	-62.056	126.193
673	6.72000	103.015	-62.029	126.201
674	6.73000	102.745	-61.987	126.220
675	6.74000	102.495	-61.953	126.221
676	6.75000	102.244	-61.920	126.230
677	6.76000	102.014	-61.836	126.218
678	6.77000	101.690	-61.792	126.219
679	6.78000	101.415	-61.669	126.220
680	6.79000	101.131	-61.561	126.178
681	6.80000	100.851	-61.477	126.171
682	6.81000	100.568	-61.437	126.168
683	6.82000	100.308	-61.355	126.165
684	6.83000	99.997	-61.293	126.170
685	6.84000	99.756	-61.275	126.185
686	6.85000	99.472	-61.219	126.179
687	6.86000	99.196	-61.165	126.188
688	6.87000	98.860	-61.105	126.207
689	6.88000	98.594	-61.067	126.226
690	6.89000	98.312	-61.006	126.227
691	6.90000	98.004	-60.969	126.252
692	6.91000	97.719	-60.861	126.246
693	6.92000	97.359	-60.733	126.183
694	6.93000	97.071	-60.614	126.151
695	6.94000	96.776	-60.582	126.169
696	6.95000	96.495	-60.500	126.155
697	6.96000	96.201	-60.429	126.163
698	6.97000	95.905	-60.370	126.164
699	6.98000	95.611	-60.305	126.173
700	6.99000	95.308	-60.260	126.196
701	7.00000	94.990	-60.221	126.214
702	7.01000	94.650	-60.129	126.208
703	7.02000	94.403	-60.053	126.228
704	7.03000	94.148	-60.021	126.249
705	7.04000	93.850	-59.961	126.259
706	7.05000	93.582	-59.880	126.229
707	7.06000	93.262	-59.780	126.194
708	7.07000	92.943	-59.709	126.175
709	7.08000	92.652	-59.618	126.176
710	7.09000	92.327	-59.550	126.162
711	7.10000	92.030	-59.452	126.165
712	7.11000	91.767	-59.412	126.184
713	7.12000	91.441	-59.349	126.194
714	7.13000	91.178	-59.275	126.224
715	7.14000	90.914	-59.224	126.227
716	7.15000	90.638	-59.174	126.234
717	7.16000	90.370	-59.099	126.244
718	7.17000	90.077	-58.998	126.227
719	7.18000	89.818	-58.926	126.230
720	7.19000	89.556	-58.889	126.204
721	7.20000	89.278	-58.794	126.199
722	7.21000	88.976	-58.714	126.183
723	7.22000	88.728	-58.624	126.174
724	7.23000	88.443	-58.538	126.179
725	7.24000	88.200	-58.525	126.192
726	7.25000	87.941	-58.436	126.215
727	7.26000	87.706	-58.369	126.214
728	7.27000	87.468	-58.334	126.215
729	7.28000	87.215	-58.289	126.226
730	7.29000	87.019	-58.195	126.224
731	7.30000	86.796	-58.161	126.221
732	7.31000	86.574	-58.127	126.233
733	7.32000	86.349	-58.074	126.242
734	7.33000	86.148	-58.025	126.255
735	7.34000	85.923	-57.990	126.278
736	7.35000	85.686	-57.871	126.265
737	7.36000	85.525	-57.882	126.279
738	7.37000	85.311	-57.851	126.292
739	7.38000	85.059	-57.739	126.280
740	7.39000	84.888	-57.718	126.278
741	7.40000	84.757	-57.711	126.315
742	7.41000	84.546	-57.591	126.278
743	7.42000	84.328	-57.527	126.242
744	7.43000	84.161	-57.456	126.235
745	7.44000	84.024	-57.414	126.224
746	7.45000	83.853	-57.376	126.231
747	7.46000	83.699	-57.327	126.227
748	7.47000	83.583	-57.281	126.219
749	7.48000	83.415	-57.250	126.226
750	7.49000	83.314	-57.209	126.222
751	7.50000	83.186	-57.181	126.217
752	7.51000	83.062	-57.131	126.232
753	7.52000	82.936	-57.104	126.235
754	7.53000	82.803	-57.080	126.246
755	7.54000	82.690	-57.063	126.246
756	7.55000	82.589	-57.039	126.242
757	7.56000	82.492	-57.033	126.263
758	7.57000	82.400	-56.983	126.257
759	7.58000	82.319	-56.978	126.255
760	7.59000	82.260	-56.957	126.264
761	7.60000	82.166	-56.947	126.269
762	7.61000	82.088	-56.897	126.267
763	7.62000	82.035	-56.884	126.270
764	7.63000	81.934	-56.837	126.250
765	7.64000	81.941	-56.884	126.281
766	7.65000	81.854	-56.809	126.259
767	7.66000	81.851	-56.853	126.282
768	7.67000	81.810	-56.850	126.287
769	7.68000	81.757	-56.792	126.263
770	7.69000	81.783	-56.858	126.281
771	7.70000	81.741	-56.804	126.265
772	7.71000	81.750	-56.840	126.287
773	7.72000	81.759	-56.844	126.291
774	7.73000	81.717	-56.790	126.264
775	7.74000	81.762	-56.850	126.292
776	7.75000	81.737	-56.785	126.266
777	7.76000	81.792	-56.861	126.293
778	7.77000	81.789	-56.809	126.261
779	7.78000	81.828	-56.805	126.267
780	7.79000	81.844	-56.845	126.269
781	7.80000	81.944	-56.891	126.286
782	7.81000	81.990	-56.902	126.279
783	7.82000	82.058	-56.908	126.274
784	7.83000	82.119	-56.919	126.262
785	7.84000	82.171	-56.954	126.267
786	7.85000	82.237	-56.960	126.270
787	7.86000	82.329	-56.970	126.265
788	7.87000	82.423	-57.009	126.257
789	7.88000	82.494	-57.022	126.257
790	7.89000	82.588	-57.061	126.257
791	7.90000	82.670	-57.096	126.257
792	7.91000	82.773	-57.109	126.252
793	7.92000	82.884	-57.126	126.240
794	7.93000	83.000	-57.184	126.231
795	7.94000	83.120	-57.203	126.234
796	7.95000	83.261	-57.202	126.218
797	7.96000	83.379	-57.237	126.221
798	7.97000	83.508	-57.272	126.223
799	7.98000	83.649	-57.310	126.225
800	7.99000	83.807	-57.410	126.257
801	8.00000	83.957	-57.379	126.224
802	8.01000	84.085	-57.447	126.232
803	8.02000	84.258	-57.565	126.263
804	8.03000	84.397	-57.523	126.224
805	8.04000	84.559	-57.649	126.264
806	8.05000	84.744	-57.719	126.275
807	8.06000	84.909	-57.766	126.293
808	8.07000	85.118	-57.783	126.282
809	8.08000	85.295	-57.840	126.283
810	8.09000	85.463	-57.871	126.275
811	8.10000	85.639	-57.905	126.276
812	8.11000	85.854	-57.954	126.270
813	8.12000	86.037	-57.996	126.261
814	8.13000	86.259	-58.014	126.234
815	8.14000	86.434	-58.048	126.231
816	8.15000	86.632	-58.119	126.233
817	8.16000	86.823	-58.165	126.220
818	8.17000	87.015	-58.188	126.215
819	8.18000	87.234	-58.256	126.220
820	8.19000	87.458	-58.279	126.206
821	8.20000	87.664	-58.325	126.208
822	8.21000	87.874	-58.389	126.205
823	8.22000	88.071	-58.455	126.195
824	8.23000	88.310	-58.541	126.203
825	8.24000	88.579	-58.632	126.211
826	8.25000	88.794	-58.631	126.174
827	8.26000	89.012	-58.670	126.166
828	8.27000	89.280	-58.817	126.219
829	8.28000	89.577	-58.868	126.211
830	8.29000	89.773	-58.938	126.244
831	8.30000	89.992	-58.966	126.243
832	8.31000	90.248	-59.048	126.246
833	8.32000	90.447	-59.098	126.241
834	8.33000	90.680	-59.138	126.234
835	8.34000	90.925	-59.199	126.230
836	8.35000	91.148	-59.224	126.224
837	8.36000	91.353	-59.276	126.200
838	8.37000	91.608	-59.330	126.194
839	8.38000	91.868	-59.386	126.169
840	8.39000	92.111	-59.419	126.160
841	8.40000	92.332	-59.477	126.164
842	8.41000	92.599	-59.581	126.182
843	8.42000	92.888	-59.625	126.166
844	8.43000	93.089	-59.665	126.156
845	8.44000	93.357	-59.695	126.157
846	8.45000	93.616	-59.847	126.230
847	8.46000	93.859	-59.902	126.241
848	8.47000	94.092	-59.925	126.246
849	8.48000	94.313	-59.973	126.244
850	8.49000	94.541	-60.035	126.237
851	8.50000	94.763	-60.107	126.216
852	8.51000	94.992	-60.112	126.191
853	8.52000	95.223	-60.165	126.175
854	8.53000	95.447	-60.203	126.167
855	8.54000	95.660	-60.255	126.155
856	8.55000	95.882	-60.292	126.159
857	8.56000	96.123	-60.348	126.155
858	8.57000	96.316	-60.386	126.144
859	8.58000	96.556	-60.431	126.145
860	8.59000	96.762	-60.491	126.150
861	8.60000	96.978	-60.532	126.155
862	8.61000	97.195	-60.596	126.164
863	8.62000	97.431	-60.730	126.212
864	8.63000	97.678	-60.794	126.228
865	8.64000	97.865	-60.830	126.232
866	8.65000	98.108	-60.888	126.232
867	8.66000	98.308	-60.947	126.217
868	8.67000	98.493	-60.971	126.212
869	8.68000	98.711	-60.991	126.195
870	8.69000	98.856	-61.029	126.197
871	8.70000	99.084	-61.064	126.189
872	8.71000	99.264	-61.110	126.185
873	8.72000	99.422	-61.159	126.181
874	8.73000	99.617	-61.193	126.174
875	8.74000	99.789	-61.253	126.180
876	8.75000	99.958	-61.278	126.172
877	8.76000	100.118	-61.305	126.176
878	8.77000	100.297	-61.350	126.164
879	8.78000	100.425	-61.399	126.169
880	8.79000	100.610	-61.430	126.173
881	8.80000	100.774	-61.447	126.180
882	8.81000	100.911	-61.500	126.174
883	8.82000	101.083	-61.594	126.208
884	8.83000	101.229	-61.604	126.206
885	8.84000	101.387	-61.698	126.238
886	8.85000	101.477	-61.693	126.200
887	8.86000	101.644	-61.803	126.233
888	8.87000	101.787	-61.824	126.210
889	8.88000	101.929	-61.867	126.225
890	8.89000	102.007	-61.834	126.210
891	8.90000	102.159	-61.933	126.238
892	8.91000	102.242	-61.959	126.237
893	8.92000	102.360	-61.988	126.227
894	8.93000	102.454	-62.007	126.232
895	8.94000	102.520	-61.997	126.236
896	8.95000	102.608	-62.032	126.236
897	8.96000	102.717	-62.051	126.217
898	8.97000	102.807	-62.057	126.216
899	8.98000	102.855	-62.059	126.211
900	8.99000	102.949	-62.078	126.204
901	9.00000	103.004	-62.094	126.201
902	9.01000	103.053	-62.101	126.209
903	9.02000	103.140	-62.107	126.196
904	9.03000	103.173	-62.136	126.212
905	9.04000	103.213	-62.140	126.208
906	9.05000	103.243	-62.181	126.214
907	9.06000	103.276	-62.159	126.202
908	9.07000	103.320	-62.182	126.205
909	9.08000	103.337	-62.172	126.206
910	9.09000	103.368	-62.212	126.216
911	9.10000	103.372	-62.191	126.209
912	9.11000	103.376	-62.198	126.210
913	9.12000	103.392	-62.216	126.201
914	9.13000	103.398	-62.213	126.208
915	9.14000	103.380	-62.246	126.218
916	9.15000	103.385	-62.230	126.215
917	9.16000	103.359	-62.209	126.216
918	9.17000	103.366	-62.212	126.209
919	9.18000	103.356	-62.230	126.220
920	9.19000	103.318	-62.193	126.207
921	9.20000	103.293	-62.201	126.212
922	9.21000	103.235	-62.166	126.204
923	9.22000	103.215	-62.170	126.209
924	9.23000	103.174	-62.154	126.204
925	9.24000	103.123	-62.157	126.209
926	9.25000	103.059	-62.127	126.206
927	9.26000	103.021	-62.152	126.219
928	9.27000	102.958	-62.133	126.217
929	9.28000	102.882	-62.121	126.221
930	9.29000	102.815	-62.095	126.218
931	9.30000	102.758	-62.090	126.223
932	9.31000	102.654	-62.084	126.236
933	9.32000	102.571	-62.018	126.203
934	9.33000	102.497	-62.046	126.230
935	9.34000	102.393	-62.035	126.238
936	9.35000	102.321	-62.024	126.242
937	9.36000	102.203	-61.996	126.233
938	9.37000	102.092	-61.942	126.215
939	9.38000	102.022	-61.932	126.226
940	9.39000	101.897	-61.844	126.195
941	9.40000	101.759	-61.894	126.242
942	9.41000	101.676	-61.816	126.208
943	9.42000	101.518	-61.801	126.221
944	9.43000	101.397	-61.709	126.212
945	9.44000	101.226	-61.632	126.192
946	9.45000	101.103	-61.591	126.180
947	9.46000	100.970	-61.574	126.185
948	9.47000	100.835	-61.517	126.167
949	9.48000	100.694	-61.508	126.185
950	9.49000	100.559	-61.474	126.179
951	9.50000	100.417	-61.414	126.168
952	9.51000	100.256	-61.387	126.168
953	9.52000	100.116	-61.356	126.178
954	9.53000	99.948	-61.314	126.179
955	9.54000	99.830	-61.280	126.176
956	9.55000	99.670	-61.271	126.183
957	9.56000	99.504	-61.196	126.182
958	9.57000	99.329	-61.158	126.180
959	9.58000	99.170	-61.137	126.200
960	9.59000	98.995	-61.088	126.200
961	9.60000	98.797	-61.075	126.218
962	9.61000	98.654	-61.026	126.214
963	9.62000	98.476	-60.982	126.215
964	9.63000	98.297	-60.965	126.224
965	9.64000	98.111	-60.912	126.217
966	9.65000	97.923	-60.858	126.224
967	9.66000	97.744	-60.825	126.239
968	9.67000	97.523	-60.736	126.222
969	9.68000	97.310	-60.622	126.169
970	9.69000	97.132	-60.584	126.164
971	9.70000	96.942	-60.536	126.157
972	9.71000	96.778	-60.508	126.160
973	9.72000	96.588	-60.442	126.150
974	9.73000	96.369	-60.400	126.157
975	9.74000	96.215	-60.360	126.150
976	9.75000	95.991	-60.333	126.156
977	9.76000	95.793	-60.258	126.160
978	9.77000	95.595	-60.224	126.175
979	9.78000	95.426	-60.172	126.167
980	9.79000	95.229	-60.150	126.176
981	9.80000	95.030	-60.127	126.193
982	9.81000	94.837	-60.100	126.209
983	9.82000	94.606	-60.003	126.203
984	9.83000	94.473	-59.998	126.240
985	9.84000	94.248	-59.903	126.222
986	9.85000	94.063	-59.880	126.220
987	9.86000	93.905	-59.884	126.240
988	9.87000	93.693	-59.811	126.237
989	9.88000	93.465	-59.683	126.160
990	9.89000	93.272	-59.669	126.171
991	9.90000	93.090	-59.636	126.174
992	9.91000	92.921	-59.562	126.162
993	9.92000	92.725	-59.541	126.164
994	9.93000	92.508	-59.467	126.154
995	9.94000	92.305	-59.427	126.164
996	9.95000	92.084	-59.368	126.164
997	9.96000	91.946	-59.346	126.160
998	9.97000	91.743	-59.317	126.176
999	9.98000	91.549	-59.291	126.185
1000	9.99000	91.377	-59.199	126.190
1001	10.00000	91.201	-59.203	126.203
1002	10.01000	91.048	-59.158	126.227
1003	10.02000	90.869	-59.115	126.228
1004	10.03000	90.685	-59.094	126.230
1005	10.04000	90.536	-59.050	126.242
1006	10.05000	90.389	-59.008	126.235
1007	10.06000	90.214	-58.990	126.245
1008	10.07000	90.052	-58.936	126.240
1009	10.08000	89.888	-58.893	126.245
1010	10.09000	89.715	-58.814	126.205
1011	10.10000	89.563	-58.794	126.195
1012	10.11000	89.433	-58.781	126.216
1013	10.12000	89.225	-58.700	126.192
1014	10.13000	89.081	-58.682	126.201
1015	10.14000	88.955	-58.642	126.202
1016	10.15000	88.765	-58.580	126.177
1017	10.16000	88.637	-58.563	126.178
1018	10.17000	88.486	-58.519	126.175
1019	10.18000	88.312	-58.502	126.196
1020	10.19000	88.189	-58.480	126.200
1021	10.20000	88.086	-58.437	126.199
1022	10.21000	87.953	-58.412	126.188
1023	10.22000	87.815	-58.368	126.215
1024	10.23000	87.732	-58.349	126.218
1025	10.24000	87.608	-58.321	126.217
1026	10.25000	87.523	-58.286	126.209
1027	10.26000	87.419	-58.265	126.212
1028	10.27000	87.302	-58.251	126.217
1029	10.28000	87.174	-58.223	126.216
1030	10.29000	87.114	-58.173	126.209
1031	10.30000	87.020	-58.156	126.213
1032	10.31000	86.926	-58.156	126.212
1033	10.32000	86.825	-58.143	126.220
1034	10.33000	86.752	-58.111	126.221
1035	10.34000	86.689	-58.111	126.227
1036	10.35000	86.589	-58.086	126.233
1037	10.36000	86.532	-58.065	126.239
1038	10.37000	86.475	-58.023	126.221
1039	10.38000	86.396	-58.023	126.232
1040	10.39000	86.352	-58.001	126.233
1041	10.40000	86.270	-57.995	126.234
1042	10.41000	86.203	-57.970	126.232
1043	10.42000	86.158	-57.977	126.242
1044	10.43000	86.112	-57.966	126.257
1045	10.44000	86.075	-57.959	126.253
1046	10.45000	86.027	-57.953	126.254
1047	10.46000	85.993	-57.923	126.261
1048	10.47000	85.951	-57.931	126.264
1049	10.48000	85.934	-57.942	126.262
1050	10.49000	85.911	-57.917	126.262
1051	10.50000	85.891	-57.921	126.260
1052	10.51000	85.856	-57.903	126.265
1053	10.52000	85.869	-57.913	126.275
1054	10.53000	85.876	-57.910	126.255
1055	10.54000	85.860	-57.922	126.265
1056	10.55000	85.846	-57.899	126.261
1057	10.56000	85.863	-57.888	126.263
1058	10.57000	85.851	-57.895	126.268
1059	10.58000	85.871	-57.891	126.263
1060	10.59000	85.893	-57.887	126.266
1061	10.60000	85.890	-57.921	126.271
1062	10.61000	85.926	-57.888	126.261
1063	10.62000	85.981	-57.890	126.260
1064	10.63000	85.974	-57.916	126.260
1065	10.64000	86.011	-57.930	126.266
1066	10.65000	86.049	-57.938	126.250
1067	10.66000	86.095	-57.937	126.249
1068	10.67000	86.153	-57.941	126.244
1069	10.68000	86.226	-57.933	126.240
1070	10.69000	86.275	-57.951	126.230
1071	10.70000	86.322	-57.950	126.229
1072	10.71000	86.373	-57.969	126.227
1073	10.72000	86.435	-57.997	126.230
1074	10.73000	86.510	-57.989	126.222
1075	10.74000	86.583	-58.010	126.224
1076	10.75000	86.663	-58.038	126.215
1077	10.76000	86.740	-58.066	126.225
1078	10.77000	86.823	-58.062	126.207
1079	10.78000	86.892	-58.086	126.220
1080	10.79000	86.979	-58.100	126.216
1081	10.80000	87.055	-58.111	126.208
1082	10.81000	87.124	-58.107	126.209
1083	10.82000	87.213	-58.139	126.205
1084	10.83000	87.347	-58.182	126.208
1085	10.84000	87.418	-58.224	126.221
1086	10.85000	87.511	-58.224	126.207
1087	10.86000	87.629	-58.238	126.206
1088	10.87000	87.719	-58.258	126.203
1089	10.88000	87.836	-58.312	126.205
1090	10.89000	87.941	-58.350	126.185
1091	10.90000	88.060	-58.382	126.187
1092	10.91000	88.200	-58.404	126.183
1093	10.92000	88.287	-58.458	126.193
1094	10.93000	88.410	-58.469	126.172
1095	10.94000	88.570	-58.486	126.182
1096	10.95000	88.700	-58.522	126.177
1097	10.96000	88.845	-58.602	126.206
1098	10.97000	88.966	-58.635	126.208
1099	10.98000	89.124	-58.634	126.207
1100	10.99000	89.261	-58.668	126.186
1101	11.00000	89.446	-58.791	126.225
1102	11.01000	89.556	-58.757	126.197
1103	11.02000	89.743	-58.807	126.227
1104	11.03000	89.883	-58.875	126.242
1105	11.04000	89.994	-58.915	126.242
1106	11.05000	90.159	-58.947	126.239
1107	11.06000	90.287	-58.993	126.239
1108	11.07000	90.450	-59.036	126.242
1109	11.08000	90.581	-59.050	126.233
1110	11.09000	90.715	-59.093	126.229
1111	11.10000	90.886	-59.122	126.221
1112	11.11000	91.041	-59.173	126.222
1113	11.12000	91.145	-59.205	126.224
1114	11.13000	91.301	-59.240	126.199
1115	11.14000	91.468	-59.262	126.190
1116	11.15000	91.623	-59.313	126.179
1117	11.16000	91.780	-59.342	126.176
1118	11.17000	91.913	-59.385	126.180
1119	11.18000	92.090	-59.393	126.164
1120	11.19000	92.263	-59.423	126.157
1121	11.20000	92.425	-59.488	126.164
1122	11.21000	92.618	-59.576	126.189
1123	11.22000	92.784	-59.592	126.171
1124	11.23000	92.939	-59.632	126.174
1125	11.24000	93.089	-59.664	126.179
1126	11.25000	93.229	-59.716	126.184
1127	11.26000	93.422	-59.787	126.195
1128	11.27000	93.563	-59.799	126.208
1129	11.28000	93.719	-59.781	126.208
1130	11.29000	93.926	-59.891	126.256
1131	11.30000	94.046	-59.914	126.237
1132	11.31000	94.237	-60.002	126.247
1133	11.32000	94.398	-60.028	126.243
1134	11.33000	94.494	-60.012	126.230
1135	11.34000	94.664	-60.122	126.218
1136	11.35000	94.805	-60.151	126.219
1137	11.36000	94.968	-60.155	126.207
1138	11.37000	95.108	-60.196	126.199
1139	11.38000	95.306	-60.202	126.175
1140	11.39000	95.426	-60.235	126.174
1141	11.40000	95.550	-60.253	126.177
1142	11.41000	95.710	-60.290	126.171
1143	11.42000	95.865	-60.314	126.156
1144	11.43000	96.002	-60.366	126.157
1145	11.44000	96.164	-60.392	126.149
1146	11.45000	96.293	-60.401	126.151
1147	11.46000	96.422	-60.438	126.158
1148	11.47000	96.574	-60.483	126.150
1149	11.48000	96.695	-60.512	126.163
1150	11.49000	96.833	-60.546	126.162
1151	11.50000	96.963	-60.572	126.155
1152	11.51000	97.103	-60.625	126.168
1153	11.52000	97.216	-60.633	126.166
1154	11.53000	97.373	-60.697	126.200
1155	11.54000	97.491	-60.741	126.216
1156	11.55000	97.625	-60.831	126.243
1157	11.56000	97.702	-60.798	126.216
1158	11.57000	97.864	-60.892	126.262
1159	11.58000	97.998	-60.897	126.260
1160	11.59000	98.064	-60.889	126.206
1161	11.60000	98.237	-60.943	126.215
1162	11.61000	98.324	-60.969	126.228
1163	11.62000	98.427	-60.991	126.229
1164	11.63000	98.486	-60.963	126.207
1165	11.64000	98.632	-61.024	126.210
1166	11.65000	98.697	-61.060	126.226
1167	11.66000	98.777	-61.016	126.197
1168	11.67000	98.915	-61.091	126.210
1169	11.68000	99.003	-61.085	126.195
1170	11.69000	99.084	-61.122	126.207
1171	11.70000	99.156	-61.137	126.204
1172	11.71000	99.237	-61.157	126.198
1173	11.72000	99.324	-61.173	126.190
1174	11.73000	99.380	-61.177	126.186
1175	11.74000	99.464	-61.192	126.182
1176	11.75000	99.527	-61.182	126.175
1177	11.76000	99.594	-61.190	126.171
1178	11.77000	99.642	-61.220	126.182
1179	11.78000	99.716	-61.231	126.182
1180	11.79000	99.771	-61.247	126.176
1181	11.80000	99.822	-61.255	126.176
1182	11.81000	99.867	-61.266	126.180
1183	11.82000	99.923	-61.270	126.176
1184	11.83000	99.969	-61.270	126.171
1185	11.84000	99.975	-61.278	126.172
1186	11.85000	100.014	-61.282	126.175
1187	11.86000	100.068	-61.297	126.173
1188	11.87000	100.087	-61.304	126.173
1189	11.88000	100.096	-61.319	126.172
1190	11.89000	100.127	-61.308	126.173
1191	11.90000	100.172	-61.320	126.174
1192	11.91000	100.169	-61.341	126.181
1193	11.92000	100.197	-61.335	126.168
1194	11.93000	100.219	-61.321	126.165
1195	11.94000	100.221	-61.338	126.172
1196	11.95000	100.206	-61.338	126.172
1197	11.96000	100.212	-61.335	126.168
1198	11.97000	100.220	-61.350	126.170
1199	11.98000	100.200	-61.353	126.171
1200	11.99000	100.200	-61.353	126.179
1201	12.00000	100.172	-61.360	126.181
1202	12.01000	100.178	-61.357	126.176
1203	12.02000	100.157	-61.360	126.181
1204	12.03000	100.134	-61.345	126.179
1205	12.04000	100.109	-61.341	126.179
1206	12.05000	100.099	-61.326	126.177
1207	12.06000	100.057	-61.344	126.189
1208	12.07000	100.012	-61.333	126.184
1209	12.08000	99.983	-61.322	126.183
1210	12.09000	99.947	-61.314	126.190
1211	12.10000	99.917	-61.314	126.183
1212	12.11000	99.845	-61.309	126.185
1213	12.12000	99.811	-61.302	126.184
1214	12.13000	99.792	-61.295	126.176
1215	12.14000	99.726	-61.287	126.184
1216	12.15000	99.681	-61.275	126.187
1217	12.16000	99.594	-61.259	126.194
1218	12.17000	99.552	-61.238	126.180
1219	12.18000	99.470	-61.229	126.185
1220	12.19000	99.411	-61.206	126.190
1221	12.20000	99.329	-61.210	126.189
1222	12.21000	99.294	-61.173	126.183
1223	12.22000	99.231	-61.161	126.191
1224	12.23000	99.108	-61.148	126.211
1225	12.24000	99.037	-61.144	126.201
1226	12.25000	98.954	-61.118	126.202
1227	12.26000	98.867	-61.102	126.210
1228	12.27000	98.805	-61.101	126.219
1229	12.28000	98.710	-61.054	126.205
1230	12.29000	98.629	-61.046	126.199
1231	12.30000	98.534	-61.044	126.228
1232	12.31000	98.414	-61.021	126.231
1233	12.32000	98.323	-61.009	126.231
1234	12.33000	98.224	-60.983	126.230
1235	12.34000	98.138	-60.957	126.220
1236	12.35000	97.992	-60.964	126.256
1237	12.36000	97.900	-60.918	126.258
1238	12.37000	97.790	-60.899	126.250
1239	12.38000	97.655	-60.820	126.221
1240	12.39000	97.536	-60.764	126.215
1241	12.40000	97.441	-60.745	126.214
1242	12.41000	97.289	-60.666	126.170
1243	12.42000	97.168	-60.655	126.171
1244	12.43000	97.064	-60.588	126.159
1245	12.44000	96.973	-60.587	126.165
1246	12.45000	96.839	-60.572	126.162
1247	12.46000	96.712	-60.512	126.155
1248	12.47000	96.606	-60.501	126.156
1249	12.48000	96.465	-60.448	126.155
1250	12.49000	96.350	-60.445	126.157
1251	12.50000	96.228	-60.393	126.148
1252	12.51000	96.096	-60.355	126.153
1253	12.52000	95.971	-60.366	126.162
1254	12.53000	95.858	-60.289	126.152
1255	12.54000	95.684	-60.269	126.165
1256	12.55000	95.580	-60.253	126.180
1257	12.56000	95.466	-60.239	126.177
1258	12.57000	95.341	-60.209	126.183
1259	12.58000	95.209	-60.194	126.180
1260	12.59000	95.089	-60.189	126.206
1261	12.60000	94.927	-60.163	126.206
1262	12.61000	94.776	-60.066	126.193
1263	12.62000	94.668	-60.038	126.187
1264	12.63000	94.560	-59.991	126.217
1265	12.64000	94.454	-60.002	126.245
1266	12.65000	94.335	-59.969	126.243
1267	12.66000	94.227	-59.941	126.237
1268	12.67000	94.095	-59.914	126.248
1269	12.68000	93.958	-59.892	126.255
1270	12.69000	93.836	-59.899	126.248
1271	12.70000	93.703	-59.844	126.235
1272	12.71000	93.542	-59.745	126.199
1273	12.72000	93.421	-59.717	126.194
1274	12.73000	93.292	-59.681	126.184
1275	12.74000	93.173	-59.633	126.152
1276	12.75000	93.035	-59.610	126.163
1277	12.76000	92.879	-59.570	126.169
1278	12.77000	92.751	-59.551	126.173
1279	12.78000	92.639	-59.515	126.174
1280	12.79000	92.477	-59.456	126.153
1281	12.80000	92.331	-59.437	126.153
1282	12.81000	92.199	-59.393	126.173
1283	12.82000	92.079	-59.349	126.165
1284	12.83000	91.970	-59.332	126.165
1285	12.84000	91.872	-59.313	126.176
1286	12.85000	91.717	-59.290	126.188
1287	12.86000	91.597	-59.257	126.178
1288	12.87000	91.497	-59.232	126.184
1289	12.88000	91.370	-59.214	126.192
1290	12.89000	91.263	-59.192	126.199
1291	12.90000	91.187	-59.169	126.225
1292	12.91000	91.067	-59.125	126.213
1293	12.92000	90.976	-59.103	126.215
1294	12.93000	90.860	-59.089	126.220
1295	12.94000	90.746	-59.064	126.223
1296	12.95000	90.654	-59.054	126.224
1297	12.96000	90.566	-59.033	126.227
1298	12.97000	90.469	-59.015	126.230
1299	12.98000	90.383	-59.000	126.242
1300	12.99000	90.278	-58.979	126.237
1301	13.00000	90.206	-58.935	126.235
1302	13.01000	90.090	-58.859	126.218
1303	13.02000	90.044	-58.882	126.231
1304	13.03000	89.910	-58.805	126.214
1305	13.04000	89.819	-58.806	126.217
1306	13.05000	89.752	-58.787	126.208
1307	13.06000	89.682	-58.802	126.212
1308	13.07000	89.606	-58.763	126.219
1309	13.08000	89.506	-58.715	126.202
1310	13.09000	89.450	-58.736	126.200
1311	13.10000	89.357	-58.685	126.194
1312	13.11000	89.333	-58.733	126.210
1313	13.12000	89.260	-58.740	126.229
1314	13.13000	89.152	-58.645	126.197
1315	13.14000	89.073	-58.612	126.174
1316	13.15000	89.041	-58.639	126.203
1317	13.16000	88.997	-58.635	126.195
1318	13.17000	88.930	-58.594	126.175
1319	13.18000	88.856	-58.573	126.173
1320	13.19000	88.802	-58.576	126.172
1321	13.20000	88.774	-58.570	126.202
1322	13.21000	88.745	-58.577	126.201
1323	13.22000	88.664	-58.543	126.186
1324	13.23000	88.605	-58.533	126.186
1325	13.24000	88.593	-58.512	126.171
1326	13.25000	88.548	-58.501	126.178
1327	13.26000	88.542	-58.493	126.177
1328	13.27000	88.482	-58.483	126.180
1329	13.28000	88.461	-58.487	126.174
1330	13.29000	88.435	-58.483	126.178
1331	13.30000	88.403	-58.472	126.181
1332	13.31000	88.384	-58.505	126.195
1333	13.32000	88.366	-58.476	126.183
1334	13.33000	88.361	-58.479	126.187
1335	13.34000	88.341	-58.472	126.190
1336	13.35000	88.346	-58.469	126.182
1337	13.36000	88.322	-58.465	126.182
1338	13.37000	88.353	-58.453	126.191
1339	13.38000	88.314	-58.468	126.191
1340	13.39000	88.324	-58.472	126.191
1341	13.40000	88.336	-58.504	126.208
1342	13.41000	88.350	-58.464	126.189
1343	13.42000	88.349	-58.475	126.183
1344	13.43000	88.410	-58.457	126.170
1345	13.44000	88.382	-58.476	126.178
1346	13.45000	88.406	-58.501	126.197
1347	13.46000	88.449	-58.483	126.181
1348	13.47000	88.444	-58.486	126.190
1349	13.48000	88.477	-58.515	126.198
1350	13.49000	88.521	-58.508	126.184
1351	13.50000	88.549	-58.519	126.185
1352	13.51000	88.607	-58.511	126.178
1353	13.52000	88.632	-58.537	126.185
1354	13.53000	88.660	-58.547	126.183
1355	13.54000	88.699	-58.562	126.188
1356	13.55000	88.774	-58.555	126.177
1357	13.56000	88.839	-58.606	126.210
1358	13.57000	88.882	-58.610	126.206
1359	13.58000	88.897	-58.605	126.186
1360	13.59000	88.948	-58.601	126.176
1361	13.60000	88.994	-58.622	126.190
1362	13.61000	89.092	-58.646	126.206
1363	13.62000	89.154	-58.634	126.199
1364	13.63000	89.192	-58.659	126.198
1365	13.64000	89.268	-58.664	126.189
1366	13.65000	89.329	-58.703	126.201
1367	13.66000	89.417	-58.678	126.183
1368	13.67000	89.489	-58.722	126.188
1369	13.68000	89.587	-58.762	126.204
1370	13.69000	89.689	-58.816	126.214
1371	13.70000	89.766	-58.867	126.225
1372	13.71000	89.802	-58.868	126.247
1373	13.72000	89.911	-58.868	126.240
1374	13.73000	89.963	-58.875	126.236
1375	13.74000	90.052	-58.896	126.233
1376	13.75000	90.145	-58.936	126.237
1377	13.76000	90.169	-58.888	126.213
1378	13.77000	90.313	-58.986	126.237
1379	13.78000	90.347	-58.942	126.209
1380	13.79000	90.481	-58.996	126.238
1381	13.80000	90.524	-58.967	126.201
1382	13.81000	90.632	-59.057	126.225
1383	13.82000	90.731	-59.053	126.225
1384	13.83000	90.806	-59.104	126.228
1385	13.84000	90.918	-59.110	126.230
1386	13.85000	91.010	-59.144	126.225
1387	13.86000	91.119	-59.161	126.221
1388	13.87000	91.189	-59.182	126.200
1389	13.88000	91.291	-59.196	126.192
1390	13.89000	91.384	-59.225	126.194
1391	13.90000	91.484	-59.233	126.185
1392	13.91000	91.579	-59.291	126.192
1393	13.92000	91.691	-59.298	126.190
1394	13.93000	91.795	-59.302	126.172
1395	13.94000	91.906	-59.331	126.174
1396	13.95000	92.026	-59.364	126.176
1397	13.96000	92.100	-59.374	126.161
1398	13.97000	92.222	-59.368	126.152
1399	13.98000	92.357	-59.411	126.160
1400	13.99000	92.464	-59.462	126.170
1401	14.00000	92.589	-59.536	126.186
1402	14.01000	92.702	-59.533	126.175
1403	14.02000	92.804	-59.547	126.171
1404	14.03000	92.913	-59.588	126.175
1405	14.04000	93.036	-59.588	126.163
1406	14.05000	93.149	-59.669	126.197
1407	14.06000	93.265	-59.688	126.197
1408	14.07000	93.362	-59.651	126.161
1409	14.08000	93.495	-59.710	126.195
1410	14.09000	93.623	-59.792	126.221
1411	14.10000	93.703	-59.798	126.220
1412	14.11000	93.802	-59.806	126.218
1413	14.12000	93.914	-59.807	126.227
1414	14.13000	94.049	-59.902	126.259
1415	14.14000	94.114	-59.848	126.220
1416	14.15000	94.226	-59.957	126.255
1417	14.16000	94.347	-59.980	126.244
1418	14.17000	94.392	-59.928	126.215
1419	14.18000	94.526	-60.024	126.232
1420	14.19000	94.611	-59.999	126.209
1421	14.20000	94.746	-60.089	126.210
1422	14.21000	94.804	-60.048	126.186
1423	14.22000	94.924	-60.145	126.203
1424	14.23000	95.022	-60.141	126.199
1425	14.24000	95.134	-60.160	126.192
1426	14.25000	95.241	-60.171	126.191
1427	14.26000	95.326	-60.198	126.185
1428	14.27000	95.424	-60.206	126.180
1429	14.28000	95.522	-60.231	126.178
1430	14.29000	95.592	-60.246	126.171
1431	14.30000	95.696	-60.251	126.169
1432	14.31000	95.761	-60.298	126.171
1433	14.32000	95.864	-60.302	126.165
1434	14.33000	95.995	-60.329	126.151
1435	14.34000	96.079	-60.349	126.152
1436	14.35000	96.167	-60.382	126.148
1437	14.36000	96.262	-60.401	126.148
1438	14.37000	96.323	-60.412	126.156
1439	14.38000	96.404	-60.448	126.160
1440	14.39000	96.478	-60.453	126.155
1441	14.40000	96.557	-60.471	126.164
1442	14.41000	96.641	-60.480	126.151
1443	14.42000	96.733	-60.531	126.162
1444	14.43000	96.801	-60.557	126.160
1445	14.44000	96.865	-60.564	126.160
1446	14.45000	96.932	-60.572	126.167
1447	14.46000	96.980	-60.602	126.163
1448	14.47000	97.075	-60.614	126.170
1449	14.48000	97.122	-60.632	126.168
1450	14.49000	97.236	-60.703	126.205
1451	14.50000	97.284	-60.732	126.208
1452	14.51000	97.324	-60.730	126.214
1453	14.52000	97.407	-60.789	126.242
1454	14.53000	97.496	-60.794	126.248
1455	14.54000	97.531	-60.819	126.240
1456	14.55000	97.575	-60.853	126.248
1457	14.56000	97.669	-60.831	126.234
1458	14.57000	97.678	-60.857	126.250
1459	14.58000	97.724	-60.886	126.250
1460	14.59000	97.753	-60.869	126.238
1461	14.60000	97.832	-60.903	126.257
1462	14.61000	97.817	-60.829	126.237
1463	14.62000	97.912	-60.922	126.259
1464	14.63000	97.920	-60.926	126.255
1465	14.64000	97.990	-60.923	126.253
1466	14.65000	97.997	-60.908	126.250
1467	14.66000	98.041	-60.931	126.253
1468	14.67000	98.069	-60.942	126.250
1469	14.68000	98.072	-60.955	126.237
1470	14.69000	98.117	-60.937	126.225
1471	14.70000	98.133	-60.943	126.248
1472	14.71000	98.153	-60.974	126.234
1473	14.72000	98.164	-60.938	126.220
1474	14.73000	98.178	-60.961	126.215
1475	14.74000	98.199	-60.985	126.235
1476	14.75000	98.213	-60.945	126.216
1477	14.76000	98.197	-60.967	126.235
1478	14.77000	98.199	-60.956	126.241
1479	14.78000	98.208	-60.960	126.234
1480	14.79000	98.209	-60.971	126.243
1481	14.80000	98.206	-60.942	126.235
1482	14.81000	98.228	-60.968	126.223
1483	14.82000	98.224	-60.949	126.224
1484	14.83000	98.188	-60.953	126.218
1485	14.84000	98.200	-60.917	126.223
1486	14.85000	98.182	-60.968	126.228
1487	14.86000	98.151	-60.956	126.227
1488	14.87000	98.098	-60.959	126.240
1489	14.88000	98.123	-60.934	126.220
1490	14.89000	98.101	-60.948	126.231
1491	14.90000	98.078	-60.922	126.231
1492	14.91000	98.041	-60.919	126.266
1493	14.92000	98.017	-60.928	126.249
1494	14.93000	97.980	-60.914	126.240
1495	14.94000	97.951	-60.908	126.263
1496	14.95000	97.924	-60.904	126.255
1497	14.96000	97.893	-60.904	126.260
1498	14.97000	97.829	-60.811	126.219
1499	14.98000	97.814	-60.874	126.241
1500	14.99000	97.750	-60.810	126.221
1501	15.00000	97.756	-60.840	126.241
1502	15.01000	97.723	-60.829	126.224
1503	15.02000	97.610	-60.780	126.227
1504	15.03000	97.607	-60.801	126.246
1505	15.04000	97.529	-60.805	126.264
1506	15.05000	97.494	-60.794	126.229
1507	15.06000	97.453	-60.738	126.224
1508	15.07000	97.374	-60.715	126.195
1509	15.08000	97.275	-60.655	126.168
1510	15.09000	97.216	-60.621	126.172
1511	15.10000	97.179	-60.607	126.174
1512	15.11000	97.073	-60.602	126.165
1513	15.12000	97.039	-60.555	126.150
1514	15.13000	96.965	-60.550	126.162
1515	15.14000	96.933	-60.532	126.156
1516	15.15000	96.860	-60.528	126.154
1517	15.16000	96.785	-60.505	126.156
1518	15.17000	96.704	-60.458	126.146
1519	15.18000	96.636	-60.461	126.148
1520	15.19000	96.594	-60.428	126.148
1521	15.20000	96.510	-60.419	126.152
1522	15.21000	96.417	-60.401	126.152
1523	15.22000	96.356	-60.390	126.151
1524	15.23000	96.284	-60.386	126.153
1525	15.24000	96.205	-60.356	126.154
1526	15.25000	96.117	-60.340	126.157
1527	15.26000	96.031	-60.284	126.154
1528	15.27000	95.967	-60.278	126.151
1529	15.28000	95.850	-60.262	126.166
1530	15.29000	95.766	-60.236	126.168
1531	15.30000	95.708	-60.203	126.156
1532	15.31000	95.637	-60.199	126.165
1533	15.32000	95.542	-60.198	126.176
1534	15.33000	95.467	-60.187	126.172
1535	15.34000	95.384	-60.191	126.179
1536	15.35000	95.270	-60.182	126.188
1537	15.36000	95.189	-60.152	126.197
1538	15.37000	95.118	-60.160	126.200
1539	15.38000	95.016	-60.115	126.203
1540	15.39000	94.912	-60.111	126.213
1541	15.40000	94.849	-60.081	126.217
1542	15.41000	94.721	-60.011	126.193
1543	15.42000	94.630	-60.001	126.190
1544	15.43000	94.584	-60.017	126.236
1545	15.44000	94.480	-59.932	126.221
1546	15.45000	94.409	-59.980	126.243
1547	15.46000	94.317	-59.968	126.251
1548	15.47000	94.202	-59.863	126.213
1549	15.48000	94.167	-59.947	126.248
1550	15.49000	94.085	-59.870	126.244
1551	15.50000	93.992	-59.870	126.262
1552	15.51000	93.907	-59.862	126.240
1553	15.52000	93.789	-59.789	126.235
1554	15.53000	93.713	-59.836	126.241
1555	15.54000	93.595	-59.730	126.207
1556	15.55000	93.516	-59.707	126.182
1557	15.56000	93.438	-59.713	126.181
1558	15.57000	93.348	-59.685	126.194
1559	15.58000	93.237	-59.639	126.155
1560	15.59000	93.133	-59.618	126.150
1561	15.60000	93.072	-59.596	126.152
1562	15.61000	92.965	-59.585	126.149
1563	15.62000	92.889	-59.574	126.157
1564	15.63000	92.808	-59.555	126.153
1565	15.64000	92.721	-59.534	126.155
1566	15.65000	92.607	-59.510	126.147
1567	15.66000	92.523	-59.547	126.175
1568	15.67000	92.447	-59.485	126.147
1569	15.68000	92.348	-59.449	126.155
1570	15.69000	92.247	-59.452	126.155
1571	15.70000	92.184	-59.423	126.155
1572	15.71000	92.101	-59.398	126.157
1573	15.72000	92.004	-59.390	126.170
1574	15.73000	91.938	-59.372	126.169
1575	15.74000	91.852	-59.385	126.193
1576	15.75000	91.792	-59.387	126.183
1577	15.76000	91.730	-59.375	126.179
1578	15.77000	91.643	-59.349	126.189
1579	15.78000	91.566	-59.349	126.195
1580	15.79000	91.501	-59.343	126.192
1581	15.80000	91.437	-59.313	126.188
1582	15.81000	91.365	-59.327	126.197
1583	15.82000	91.268	-59.291	126.205
1584	15.83000	91.227	-59.288	126.201
1585	15.84000	91.180	-59.275	126.228
1586	15.85000	91.111	-59.273	126.214
1587	15.86000	91.073	-59.253	126.235
1588	15.87000	91.024	-59.247	126.231
1589	15.88000	90.976	-59.258	126.242
1590	15.89000	90.907	-59.250	126.243
1591	15.90000	90.846	-59.239	126.250
1592	15.91000	90.801	-59.200	126.229
1593	15.92000	90.738	-59.211	126.245
1594	15.93000	90.678	-59.188	126.246
1595	15.94000	90.668	-59.185	126.238
1596	15.95000	90.609	-59.175	126.246
1597	15.96000	90.551	-59.171	126.243
1598	15.97000	90.483	-59.095	126.217
1599	15.98000	90.471	-59.153	126.246
1600	15.99000	90.464	-59.139	126.240
1601	16.00000	90.402	-59.128	126.244
1602	16.01000	90.377	-59.124	126.244
1603	16.02000	90.343	-59.118	126.244
1604	16.03000	90.328	-59.118	126.244
1605	16.04000	90.297	-59.118	126.245
1606	16.05000	90.279	-59.100	126.246
1607	16.06000	90.194	-59.023	126.220
1608	16.07000	90.215	-59.071	126.251
1609	16.08000	90.183	-59.082	126.246
1610	16.09000	90.155	-59.060	126.239
1611	16.10000	90.152	-59.042	126.244
1612	16.11000	90.089	-58.991	126.221
1613	16.12000	90.091	-58.980	126.216
1614	16.13000	90.059	-58.980	126.224
1615	16.14000	90.051	-58.966	126.214
1616	16.15000	90.050	-58.965	126.218
1617	16.16000	90.066	-58.999	126.235
1618	16.17000	90.047	-58.958	126.221
1619	16.18000	90.061	-59.020	126.247
1620	16.19000	90.039	-59.006	126.249
1621	16.20000	90.073	-59.013	126.241
1622	16.21000	90.056	-58.995	126.246
1623	16.22000	90.028	-58.940	126.222
1624	16.23000	90.027	-58.940	126.218
1625	16.24000	90.069	-59.006	126.240
1626	16.25000	90.084	-58.988	126.240
1627	16.26000	90.028	-58.951	126.228
1628	16.27000	90.093	-58.991	126.248
1629	16.28000	90.089	-58.922	126.206
1630	16.29000	90.117	-59.006	126.246
1631	16.30000	90.135	-59.012	126.251
1632	16.31000	90.090	-58.950	126.230
1633	16.32000	90.159	-58.998	126.240
1634	16.33000	90.192	-59.016	126.242
1635	16.34000	90.205	-59.027	126.247
1636	16.35000	90.248	-59.008	126.239
1637	16.36000	90.264	-59.020	126.241
1638	16.37000	90.254	-58.954	126.210
1639	16.38000	90.278	-58.968	126.220
1640	16.39000	90.338	-59.029	126.244
1641	16.40000	90.371	-59.019	126.241
1642	16.41000	90.390	-59.026	126.242
1643	16.42000	90.445	-59.040	126.239
1644	16.43000	90.472	-59.033	126.233
1645	16.44000	90.523	-59.040	126.237
1646	16.45000	90.541	-59.058	126.235
1647	16.46000	90.586	-59.058	126.226
1648	16.47000	90.617	-59.057	126.233
1649	16.48000	90.666	-59.064	126.225
1650	16.49000	90.694	-59.068	126.221
1651	16.50000	90.754	-59.079	126.225
1652	16.51000	90.801	-59.096	126.223
1653	16.52000	90.856	-59.093	126.221
1654	16.53000	90.894	-59.107	126.222
1655	16.54000	90.958	-59.136	126.226
1656	16.55000	91.030	-59.129	126.214
1657	16.56000	91.077	-59.140	126.215
1658	16.57000	91.140	-59.158	126.209
1659	16.58000	91.177	-59.189	126.197
1660	16.59000	91.244	-59.173	126.204
1661	16.60000	91.295	-59.204	126.185
1662	16.61000	91.338	-59.208	126.181
1663	16.62000	91.383	-59.219	126.177
1664	16.63000	91.451	-59.244	126.184
1665	16.64000	91.510	-59.237	126.181
1666	16.65000	91.572	-59.266	126.172
1667	16.66000	91.628	-59.280	126.181
1668	16.67000	91.711	-59.316	126.185
1669	16.68000	91.774	-59.334	126.179
1670	16.69000	91.840	-59.353	126.172
1671	16.70000	91.935	-59.365	126.171
1672	16.71000	91.989	-59.379	126.165
1673	16.72000	92.071	-59.387	126.160
1674	16.73000	92.137	-59.422	126.164
1675	16.74000	92.203	-59.430	126.156
1676	16.75000	92.265	-59.458	126.159
1677	16.76000	92.350	-59.467	126.154
1678	16.77000	92.424	-59.529	126.163
1679	16.78000	92.504	-59.529	126.161
1680	16.79000	92.578	-59.539	126.168
1681	16.80000	92.673	-59.591	126.190
1682	16.81000	92.772	-59.610	126.167
1683	16.82000	92.849	-59.622	126.163
1684	16.83000	92.912	-59.651	126.158
1685	16.84000	92.958	-59.680	126.166
1686	16.85000	93.051	-59.691	126.165
1687	16.86000	93.127	-59.702	126.165
1688	16.87000	93.193	-59.749	126.171
1689	16.88000	93.302	-59.754	126.192
1690	16.89000	93.338	-59.746	126.163
1691	16.90000	93.420	-59.810	126.195
1692	16.91000	93.522	-59.875	126.226
1693	16.92000	93.581	-59.835	126.198
1694	16.93000	93.696	-59.928	126.246
1695	16.94000	93.766	-59.943	126.223
1696	16.95000	93.862	-59.972	126.241
1697	16.96000	93.913	-59.997	126.252
1698	16.97000	93.958	-59.939	126.233
1699	16.98000	94.049	-60.030	126.234
1700	16.99000	94.131	-60.031	126.248
1701	17.00000	94.203	-60.035	126.254
1702	17.01000	94.239	-60.027	126.213
1703	17.02000	94.330	-60.083	126.247
1704	17.03000	94.374	-60.043	126.220
1705	17.04000	94.431	-60.053	126.220
1706	17.05000	94.488	-60.091	126.213
1707	17.06000	94.563	-60.114	126.204
1708	17.07000	94.620	-60.129	126.189
1709	17.08000	94.726	-60.203	126.214
1710	17.09000	94.809	-60.200	126.208
1711	17.10000	94.838	-60.210	126.209
1712	17.11000	94.911	-60.226	126.198
1713	17.12000	94.989	-60.244	126.203
1714	17.13000	95.049	-60.255	126.195
1715	17.14000	95.121	-60.259	126.194
1716	17.15000	95.162	-60.274	126.191
1717	17.16000	95.242	-60.293	126.192
1718	17.17000	95.323	-60.289	126.190
1719	17.18000	95.359	-60.308	126.188
1720	17.19000	95.415	-60.312	126.179
1721	17.20000	95.462	-60.301	126.184
1722	17.21000	95.522	-60.323	126.186
1723	17.22000	95.582	-60.334	126.182
1724	17.23000	95.645	-60.335	126.169
1725	17.24000	95.690	-60.318	126.153
1726	17.25000	95.736	-60.346	126.169
1727	17.26000	95.784	-60.365	126.159
1728	17.27000	95.859	-60.341	126.149
1729	17.28000	95.884	-60.402	126.178
1730	17.29000	95.947	-60.391	126.155
1731	17.30000	96.001	-60.377	126.147
1732	17.31000	96.037	-60.425	126.159
1733	17.32000	96.087	-60.444	126.168
1734	17.33000	96.143	-60.436	126.165
1735	17.34000	96.179	-60.433	126.152
1736	17.35000	96.218	-60.430	126.154
1737	17.36000	96.255	-60.455	126.158
1738	17.37000	96.312	-60.448	126.159
1739	17.38000	96.327	-60.448	126.158
1740	17.39000	96.354	-60.452	126.151
1741	17.40000	96.393	-60.467	126.156
1742	17.41000	96.434	-60.448	126.144
1743	17.42000	96.458	-60.463	126.142
1744	17.43000	96.476	-60.464	126.138
1745	17.44000	96.526	-60.482	126.155
1746	17.45000	96.532	-60.456	126.150
1747	17.46000	96.569	-60.464	126.151
1748	17.47000	96.594	-60.480	126.149
1749	17.48000	96.617	-60.494	126.143
1750	17.49000	96.642	-60.486	126.149
1751	17.50000	96.643	-60.515	126.154
1752	17.51000	96.674	-60.527	126.147
1753	17.52000	96.672	-60.515	126.141
1754	17.53000	96.691	-60.505	126.139
1755	17.54000	96.719	-60.487	126.139
1756	17.55000	96.740	-60.535	126.154
1757	17.56000	96.742	-60.512	126.147
1758	17.57000	96.765	-60.538	126.154
1759	17.58000	96.747	-60.520	126.152
1760	17.59000	96.760	-60.542	126.151
1761	17.60000	96.753	-60.517	126.147
1762	17.61000	96.758	-60.553	126.165
1763	17.62000	96.760	-60.542	126.159
1764	17.63000	96.781	-60.550	126.160
1765	17.64000	96.764	-60.549	126.156
1766	17.65000	96.750	-60.538	126.155
1767	17.66000	96.737	-60.528	126.149
1768	17.67000	96.759	-60.542	126.147
1769	17.68000	96.743	-60.542	126.152
1770	17.69000	96.701	-60.560	126.171
1771	17.70000	96.704	-60.527	126.154
1772	17.71000	96.676	-60.545	126.162
1773	17.72000	96.684	-60.571	126.166
1774	17.73000	96.673	-60.538	126.164
1775	17.74000	96.660	-60.516	126.146
1776	17.75000	96.636	-60.541	126.155
1777	17.76000	96.614	-60.516	126.151
1778	17.77000	96.616	-60.534	126.158
1779	17.78000	96.567	-60.504	126.154
1780	17.79000	96.551	-60.504	126.158
1781	17.80000	96.513	-60.489	126.149
1782	17.81000	96.503	-60.497	126.154
1783	17.82000	96.482	-60.501	126.156
1784	17.83000	96.426	-60.485	126.158
1785	17.84000	96.411	-60.486	126.147
1786	17.85000	96.379	-60.474	126.146
1787	17.86000	96.360	-60.478	126.155
1788	17.87000	96.312	-60.460	126.153
1789	17.88000	96.290	-60.463	126.162
1790	17.89000	96.262	-60.452	126.157
1791	17.90000	96.214	-60.440	126.153
1792	17.91000	96.166	-60.451	126.152
1793	17.92000	96.130	-60.426	126.145
1794	17.93000	96.106	-60.440	126.148
1795	17.94000	96.035	-60.413	126.153
1796	17.95000	96.008	-60.432	126.157
1797	17.96000	95.962	-60.403	126.149
1798	17.97000	95.924	-60.405	126.170
1799	17.98000	95.882	-60.373	126.162
1800	17.99000	95.798	-60.375	126.176
1801	18.00000	95.787	-60.332	126.149
1802	18.01000	95.737	-60.336	126.148
1803	18.02000	95.675	-60.335	126.161
1804	18.03000	95.623	-60.327	126.172
1805	18.04000	95.572	-60.331	126.174
1806	18.05000	95.530	-60.298	126.166
1807	18.06000	95.460	-60.300	126.180
1808	18.07000	95.424	-60.304	126.182
1809	18.08000	95.388	-60.279	126.174
1810	18.09000	95.315	-60.257	126.173
1811	18.10000	95.277	-60.272	126.180
1812	18.11000	95.238	-60.245	126.184
1813	18.12000	95.159	-60.245	126.194
1814	18.13000	95.080	-60.255	126.202
1815	18.14000	95.024	-60.239	126.212
1816	18.15000	94.976	-60.222	126.207
1817	18.16000	94.910	-60.214	126.207
1818	18.17000	94.867	-60.221	126.210
1819	18.18000	94.793	-60.199	126.223
1820	18.19000	94.766	-60.195	126.216
1821	18.20000	94.682	-60.180	126.223
1822	18.21000	94.614	-60.081	126.189
1823	18.22000	94.576	-60.146	126.236
1824	18.23000	94.508	-60.064	126.224
1825	18.24000	94.429	-60.045	126.238
1826	18.25000	94.373	-60.013	126.234
1827	18.26000	94.347	-60.060	126.247
1828	18.27000	94.267	-59.997	126.215
1829	18.28000	94.259	-60.016	126.249
1830	18.29000	94.170	-60.006	126.254
1831	18.30000	94.124	-59.965	126.252
1832	18.31000	94.036	-59.961	126.258
1833	18.32000	93.983	-59.891	126.228
1834	18.33000	93.927	-59.869	126.237
1835	18.34000	93.881	-59.892	126.254
1836	18.35000	93.833	-59.892	126.251
1837	18.36000	93.783	-59.851	126.234
1838	18.37000	93.688	-59.810	126.226
1839	18.38000	93.594	-59.747	126.194
1840	18.39000	93.522	-59.699	126.169
1841	18.40000	93.484	-59.707	126.191
1842	18.41000	93.444	-59.703	126.191
1843	18.42000	93.332	-59.662	126.168
1844	18.43000	93.299	-59.651	126.159
1845	18.44000	93.272	-59.662	126.193
1846	18.45000	93.207	-59.644	126.184
1847	18.46000	93.146	-59.633	126.180
1848	18.47000	93.057	-59.584	126.158
1849	18.48000	92.993	-59.555	126.155
1850	18.49000	92.956	-59.570	126.159
1851	18.50000	92.893	-59.541	126.152
1852	18.51000	92.837	-59.520	126.153
1853	18.52000	92.796	-59.493	126.150
1854	18.53000	92.725	-59.490	126.163
1855	18.54000	92.654	-59.503	126.175
1856	18.55000	92.575	-59.452	126.157
1857	18.56000	92.530	-59.418	126.152
1858	18.57000	92.509	-59.455	126.179
1859	18.58000	92.443	-59.414	126.166
1860	18.59000	92.371	-59.382	126.162
1861	18.60000	92.307	-59.353	126.155
1862	18.61000	92.240	-59.345	126.163
1863	18.62000	92.211	-59.335	126.155
1864	18.63000	92.175	-59.338	126.160
1865	18.64000	92.116	-59.317	126.154
1866	18.65000	92.048	-59.320	126.164
1867	18.66000	92.007	-59.317	126.169
1868	18.67000	91.999	-59.291	126.161
1869	18.68000	91.930	-59.305	126.173
1870	18.69000	91.907	-59.291	126.171
1871	18.70000	91.869	-59.265	126.172
1872	18.71000	91.810	-59.290	126.185
1873	18.72000	91.779	-59.261	126.170
1874	18.73000	91.747	-59.273	126.172
1875	18.74000	91.713	-59.254	126.170
1876	18.75000	91.681	-59.236	126.172
1877	18.76000	91.609	-59.239	126.182
1878	18.77000	91.585	-59.224	126.184
1879	18.78000	91.572	-59.225	126.185
1880	18.79000	91.534	-59.199	126.178
1881	18.80000	91.504	-59.229	126.187
1882	18.81000	91.460	-59.207	126.189
1883	18.82000	91.470	-59.210	126.181
1884	18.83000	91.429	-59.195	126.184
1885	18.84000	91.387	-59.214	126.192
1886	18.85000	91.374	-59.198	126.205
1887	18.86000	91.359	-59.181	126.187
1888	18.87000	91.347	-59.199	126.191
1889	18.88000	91.318	-59.189	126.190
1890	18.89000	91.310	-59.174	126.191
1891	18.90000	91.280	-59.192	126.191
1892	18.91000	91.268	-59.211	126.195
1893	18.92000	91.254	-59.200	126.201
1894	18.93000	91.228	-59.190	126.216
1895	18.94000	91.232	-59.180	126.210
1896	18.95000	91.231	-59.197	126.221
1897	18.96000	91.187	-59.198	126.218
1898	18.97000	91.203	-59.187	126.216
1899	18.98000	91.174	-59.176	126.219
1900	18.99000	91.165	-59.207	126.205
1901	19.00000	91.189	-59.182	126.192
1902	19.01000	91.176	-59.200	126.196
1903	19.02000	91.177	-59.194	126.225
1904	19.03000	91.180	-59.183	126.220
1905	19.04000	91.157	-59.198	126.227
1906	19.05000	91.195	-59.184	126.215
1907	19.06000	91.193	-59.194	126.221
1908	19.07000	91.189	-59.227	126.227
1909	19.08000	91.198	-59.202	126.218
1910	19.09000	91.200	-59.202	126.218
1911	19.10000	91.194	-59.223	126.230
1912	19.11000	91.184	-59.214	126.209
1913	19.12000	91.227	-59.224	126.225
1914	19.13000	91.237	-59.216	126.220
1915	19.14000	91.253	-59.240	126.204
1916	19.15000	91.241	-59.223	126.229
1917	19.16000	91.273	-59.212	126.214
1918	19.17000	91.280	-59.244	126.200
1919	19.18000	91.293	-59.254	126.205
1920	19.19000	91.323	-59.230	126.220
1921	19.20000	91.324	-59.254	126.201
1922	19.21000	91.330	-59.251	126.208
1923	19.22000	91.362	-59.240	126.193
1924	19.23000	91.385	-59.236	126.192
1925	19.24000	91.409	-59.240	126.188
1926	19.25000	91.431	-59.265	126.188
1927	19.26000	91.468	-59.273	126.196
1928	19.27000	91.489	-59.269	126.191
1929	19.28000	91.505	-59.281	126.192
1930	19.29000	91.564	-59.291	126.192
1931	19.30000	91.585	-59.287	126.184
1932	19.31000	91.638	-59.284	126.178
1933	19.32000	91.667	-59.294	126.186
1934	19.33000	91.675	-59.298	126.179
1935	19.34000	91.728	-59.306	126.171
1936	19.35000	91.769	-59.298	126.169
1937	19.36000	91.800	-59.309	126.170
1938	19.37000	91.831	-59.309	126.165
1939	19.38000	91.879	-59.310	126.167
1940	19.39000	91.917	-59.335	126.178
1941	19.40000	91.958	-59.339	126.178
1942	19.41000	91.979	-59.347	126.163
1943	19.42000	92.046	-59.343	126.157
1944	19.43000	92.089	-59.364	126.163
1945	19.44000	92.106	-59.342	126.155
1946	19.45000	92.173	-59.378	126.156
1947	19.46000	92.223	-59.357	126.150
1948	19.47000	92.251	-59.379	126.149
1949	19.48000	92.295	-59.389	126.162
1950	19.49000	92.344	-59.418	126.154
1951	19.50000	92.390	-59.401	126.149
1952	19.51000	92.462	-59.456	126.161
1953	19.52000	92.492	-59.438	126.164
1954	19.53000	92.573	-59.497	126.172
1955	19.54000	92.614	-59.500	126.179
1956	19.55000	92.646	-59.500	126.179
1957	19.56000	92.725	-59.518	126.176
1958	19.57000	92.767	-59.522	126.175
1959	19.58000	92.823	-59.526	126.166
1960	19.59000	92.878	-59.540	126.164
1961	19.60000	92.914	-59.536	126.162
1962	19.61000	92.966	-59.573	126.159
1963	19.62000	93.026	-59.567	126.156
1964	19.63000	93.070	-59.577	126.157
1965	19.64000	93.145	-59.644	126.197
1966	19.65000	93.192	-59.644	126.188
1967	19.66000	93.241	-59.645	126.191
1968	19.67000	93.288	-59.662	126.188
1969	19.68000	93.317	-59.628	126.170
1970	19.69000	93.412	-59.663	126.185
1971	19.70000	93.445	-59.663	126.184
1972	19.71000	93.511	-59.670	126.184
1973	19.72000	93.511	-59.655	126.146
1974	19.73000	93.565	-59.674	126.179
1975	19.74000	93.647	-59.703	126.193
1976	19.75000	93.732	-59.785	126.228
1977	19.76000	93.774	-59.789	126.235
1978	19.77000	93.820	-59.807	126.229
1979	19.78000	93.871	-59.808	126.236
1980	19.79000	93.934	-59.849	126.245
1981	19.80000	93.974	-59.852	126.244
1982	19.81000	94.027	-59.877	126.251
1983	19.82000	94.053	-59.819	126.225
1984	19.83000	94.128	-59.881	126.241
1985	19.84000	94.177	-59.910	126.241
1986	19.85000	94.211	-59.918	126.234
1987	19.86000	94.270	-59.939	126.240
1988	19.87000	94.307	-59.965	126.231
1989	19.88000	94.342	-59.892	126.210
1990	19.89000	94.384	-59.976	126.239
1991	19.90000	94.448	-60.006	126.246
1992	19.91000	94.460	-59.965	126.219
1993	19.92000	94.540	-60.006	126.240
1994	19.93000	94.546	-59.969	126.214
1995	19.94000	94.612	-59.988	126.211
1996	19.95000	94.625	-59.993	126.193
1997	19.96000	94.720	-60.079	126.232
1998	19.97000	94.703	-60.051	126.193
1999	19.98000	94.738	-60.070	126.195
2000	19.99000	94.832	-60.122	126.205
2001	20.00000	94.839	-60.085	126.183
